Lidnummer;Klassement enkel;Klassement dubbel;Klassement gemengd
50942778;D;D;D
50887475;D;D;D
50869248;D;D;D
50865641;D;D;D
50821695;D;D;D
50815830;D;D;D
50814915;D;D;D
50783149;D;D;D
50765736;D;D;D
50737007;D;D;D
50728814;D;D;D
50702270;D;D;D
50701401;D;D;D
50627058;D;D;D
50590138;D;D;D
50577697;D;D;D
50573500;D;D;D
50561227;C2;C2;D
50547380;D;D;D
50506129;D;D;D
50504797;D;D;D
50504088;D;D;D
50457055;D;D;D
50398415;D;D;D
50369385;D;D;D
50353314;D;D;D
50329391;D;D;D
50303767;D;D;D
50302779;D;D;D
50282832;D;D;D
50253565;D;D;D
50244396;D;D;D
50211714;D;D;D
50186558;D;D;D
50182005;D;D;D
50156233;D;D;D
50155105;D;D;D
50150855;D;D;D
50114749;D;D;D
50114369;D;D;D
50114368;D;D;D
50113620;D;D;D
50113240;D;D;D
50112560;D;D;D
50111217;D;D;D
50109975;D;D;D
50108372;D;D;D
50108326;D;D;D
50107720;D;D;D
50107708;D;D;D
50107707;D;D;D
50107650;B2;B1;B1
50104918;C2;C1;C2
50104913;D;C2;D
50104047;C2;B2;B2
50102716;B2;B1;C1
50101595;D;D;D
50101593;C1;C1;C1
50099108;D;C1;D
50099001;C1;B1;C1
50097371;D;D;D
50095717;D;D;D
50093146;D;D;D
50090357;C2;C2;C2
50089856;D;D;D
50089855;D;D;D
50089853;D;D;D
50089606;C2;C1;C2
50087393;B2;B2;B2
50087322;D;D;D
50086685;D;D;D
50085592;B2;B1;B2
50085131;B2;B1;B2
50082394;D;D;D
50082389;C2;C1;C2
50080574;C1;B2;C2
50078349;B2;B2;B2
50077179;D;D;D
50075590;D;D;D
50074716;B2;B1;B2
50074216;B2;B2;B2
50073891;D;D;D
50073890;D;D;D
50073889;D;D;D
50073584;D;D;D
50072056;D;D;D
50071957;D;D;D
50069431;D;D;D
50068819;D;D;D
50067687;C1;B2;C1
50066901;C1;C1;C2
50066408;D;D;D
50066094;C2;C2;C2
50065580;D;D;D
50065322;D;D;D
50064767;C1;C1;C1
50063844;C1;C1;C1
50063393;D;D;D
50062572;B2;B2;B2
50060756;B1;B1;B1
50056914;D;D;D
50054482;D;D;D
50054407;C2;C2;C2
50053642;D;D;D
50053285;C1;C1;C2
50053284;C2;C1;D
50045521;D;D;D
50044303;D;D;D
50044058;C1;C1;C1
50043840;D;C1;C1
50043663;C1;C1;C1
50043299;D;D;D
50042477;D;D;D
50041989;C1;C1;C1
50032467;B2;B2;C1
50031692;D;D;D
50031466;C2;C2;C2
50028041;C2;C2;C2
50028006;C2;C2;C2
50026856;C1;C1;C1
50011740;C2;C2;C2
50011272;B1;B1;B1
50010861;C2;C2;C2
50998528;D;D;D
50991078;D;D;D
50988565;D;D;D
50982966;D;D;D
50980130;D;D;D
50945750;D;D;D
50941682;D;D;D
50940872;D;D;D
50926896;D;D;D
50922645;D;D;D
50891472;D;D;D
50889060;D;D;D
50877224;D;D;D
50858874;D;D;D
50852892;D;D;D
50846310;D;D;D
50830112;D;D;D
50792431;D;D;D
50781731;D;D;D
50779427;D;D;D
50764047;D;D;D
50756311;D;D;D
50751670;D;D;D
50748599;D;D;D
50718908;D;D;D
50672452;D;D;D
50669451;C2;C2;D
50668161;D;D;D
50653164;D;D;D
50628623;D;D;D
50617362;D;D;D
50611526;D;D;D
50592963;D;D;D
50547976;D;D;D
50546678;D;D;D
50539736;D;D;D
50532464;D;D;D
50526243;D;D;D
50517678;D;D;D
50498037;D;D;D
50492306;D;D;D
50446274;D;D;D
50417134;D;D;D
50409840;D;D;D
50386522;D;D;D
50345710;D;D;D
50340344;D;D;D
50338927;D;D;D
50331620;D;D;D
50319337;D;D;D
50318586;D;D;D
50318322;D;D;D
50297317;D;D;D
50293737;D;D;D
50290444;D;D;D
50276735;D;D;D
50257102;D;D;D
50253999;D;D;D
50229575;D;D;D
50216430;D;D;D
50202820;D;D;D
50175009;D;D;D
50174045;D;D;D
50169424;D;D;D
50165976;D;D;D
50153579;D;D;D
50130064;D;D;D
50129341;D;D;D
50128388;D;D;D
50115645;D;D;D
50115644;D;D;D
50115640;D;D;D
50115302;D;D;D
50115301;D;D;D
50115296;D;D;D
50113938;D;D;D
50113828;D;D;D
50113827;D;D;D
50113825;D;D;D
50112827;D;D;D
50112825;D;D;D
50112378;D;D;D
50111242;D;D;D
50111239;D;D;D
50110788;D;D;D
50110787;D;D;D
50109961;D;D;D
50107949;D;D;D
50106154;D;D;D
50106152;D;D;D
50106151;D;D;D
50105418;D;D;D
50105414;D;D;D
50105411;C2;C2;D
50105410;C2;C2;D
50102254;D;D;D
50101669;D;D;D
50101064;D;D;D
50091218;D;D;D
50091217;C2;C2;C2
50091208;D;D;D
50085962;D;D;D
50085229;D;C2;D
50076684;D;D;D
50074747;D;D;D
50074718;D;D;D
50063284;D;D;D
50059828;C2;C2;C2
50059376;C2;C2;C2
50056355;C2;C2;C2
50049084;D;D;D
50048938;C2;C2;C2
50047682;C1;C1;D
50036706;D;D;D
50035892;D;D;D
50026156;D;D;D
50019564;D;D;D
50014446;C2;C2;C2
50014444;D;C2;D
50994166;D;D;D
50991922;C2;C1;D
50986902;D;D;D
50975218;D;D;D
50974181;D;D;D
50965808;D;D;D
50930273;D;D;D
50927892;D;D;D
50907670;D;D;D
50903993;D;D;D
50893858;D;D;D
50883097;D;D;D
50872958;D;D;D
50830953;D;D;D
50830171;D;D;D
50800957;D;D;D
50756257;D;D;D
50749846;D;D;D
50747304;D;D;D
50738917;D;D;D
50737392;D;D;D
50731408;D;D;D
50727419;D;D;D
50721526;D;D;D
50714031;D;D;D
50711822;D;D;D
50710753;D;D;D
50702874;D;D;D
50694804;D;D;D
50686070;D;D;D
50683381;D;D;D
50663437;D;D;D
50655892;D;D;D
50647075;D;D;D
50636057;D;D;D
50609858;D;D;D
50584820;D;D;D
50550349;D;D;D
50544551;D;D;D
50529838;D;D;D
50527290;D;D;D
50516019;D;D;D
50514636;D;D;D
50507915;D;D;D
50505890;D;D;D
50502964;D;D;D
50480618;D;D;D
50439979;D;D;D
50426524;D;D;D
50426206;D;D;D
50412361;D;D;D
50404482;D;D;D
50395785;D;D;D
50380907;D;D;D
50354078;D;D;D
50353268;D;D;D
50337505;D;D;D
50324993;D;D;D
50322915;D;D;D
50314912;D;D;D
50312707;D;D;D
50307959;D;D;D
50306758;D;D;D
50291416;D;D;D
50288601;D;D;D
50285645;D;D;D
50267434;D;D;D
50263269;D;D;D
50257579;D;D;D
50254731;D;D;D
50253050;D;D;D
50211471;D;D;D
50201263;D;D;D
50197797;D;D;D
50195697;D;D;D
50193090;D;D;D
50191012;D;D;D
50189417;D;D;D
50187848;D;D;D
50154605;D;D;D
50145223;D;D;D
50141708;D;D;D
50115902;D;D;D
50114918;D;D;D
50114915;D;D;D
50114913;D;D;D
50114912;D;D;D
50114911;D;D;D
50114902;D;D;D
50114901;D;D;D
50114900;D;D;D
50111752;D;D;D
50111751;D;D;D
50111749;D;D;D
50111744;D;D;D
50111742;D;D;D
50111740;D;D;D
50111739;D;D;D
50111737;D;D;D
50111733;D;D;D
50111731;D;D;D
50111730;D;D;D
50111726;D;D;D
50111724;D;D;D
50105985;D;D;D
50105984;D;D;D
50105983;D;D;D
50105981;D;D;D
50104559;D;D;D
50104558;D;D;D
50104236;D;D;D
50103365;D;D;D
50103363;D;D;D
50103361;D;C2;D
50103314;B2;B2;C1
50100934;D;D;D
50100933;D;D;D
50100652;D;D;D
50100651;D;D;D
50099876;D;D;D
50098624;B2;B2;C1
50098152;D;D;D
50098149;D;D;D
50098146;D;D;D
50098145;D;D;D
50098133;D;D;D
50093423;D;D;D
50093422;D;D;D
50092550;D;D;D
50092249;D;D;D
50091481;D;D;D
50090243;C1;C1;D
50089318;D;D;D
50087388;D;D;D
50087383;B1;B2;C1
50086782;D;D;D
50086645;D;D;D
50086369;B1;B2;B2
50085231;D;D;D
50084762;C2;B2;C2
50083659;D;D;D
50082870;B2;B2;B2
50081351;D;D;D
50080535;B2;B2;B2
50080152;C1;C1;C1
50079701;D;D;D
50078065;D;C2;D
50076749;D;D;D
50075975;D;D;D
50074506;D;D;D
50073855;D;D;D
50073003;C1;C1;D
50072355;D;D;D
50071766;C1;C1;C2
50071017;C1;C1;C1
50070765;D;D;D
50070747;D;D;D
50070740;D;D;D
50067963;C2;C1;D
50067657;C2;C2;D
50065394;D;D;D
50065305;D;D;D
50065123;C1;B2;B2
50058207;D;C2;D
50058105;D;D;D
50057822;D;D;D
50055915;D;D;D
50052494;D;D;D
50052362;D;D;D
50052107;C2;C1;C2
50051935;D;D;D
50051934;B2;B2;B2
50051933;B2;B2;B2
50051931;D;D;D
50051922;D;D;D
50050566;C2;C2;C2
50048490;B2;B2;B2
50046648;C1;C1;C1
50043049;D;C2;D
50042845;D;D;D
50042427;C2;C2;C2
50039440;B2;B2;B2
50037994;D;D;D
50025697;C2;C2;C2
50025696;D;D;D
50025695;D;D;D
50025694;C2;C2;C2
50025456;D;D;D
50024233;D;D;D
50024058;C2;C2;C2
50022388;C2;C2;C2
50019158;D;D;D
50018677;C1;C1;C1
50018676;C2;C2;C2
50018674;D;D;D
50017352;B2;B2;B2
50014951;C1;C1;C1
50012741;C1;C1;C1
50010931;C2;C2;C2
50010922;C1;B2;C1
50010293;B2;B2;B2
50009331;C2;C2;C2
50009095;D;D;D
50007319;C2;C2;C2
50005967;D;D;D
50003267;D;D;D
50992708;D;D;D
50987305;D;D;D
50976583;D;D;D
50952390;D;D;D
50948334;D;D;D
50934333;D;D;D
50933957;D;D;D
50919091;D;D;D
50900498;D;D;D
50900048;D;D;D
50897497;D;D;D
50857606;D;D;D
50826573;D;D;D
50818163;D;D;D
50802682;D;D;D
50792504;D;D;D
50772872;D;D;D
50762982;D;D;D
50758381;D;D;D
50729489;C1;C2;D
50686623;D;D;D
50652370;D;D;D
50610775;D;D;D
50609246;D;D;D
50534181;D;D;D
50519697;D;D;D
50515756;D;D;D
50492942;D;D;D
50462105;D;D;D
50458329;D;D;D
50456377;D;D;D
50455125;D;D;D
50424106;D;D;D
50417371;D;D;D
50321897;D;D;D
50279866;D;D;D
50259601;D;D;D
50255274;D;D;D
50252607;D;D;D
50250884;D;D;D
50229923;D;D;D
50226150;D;D;D
50225073;D;D;D
50214896;D;D;D
50171186;D;D;D
50148680;D;D;D
50125389;D;D;D
50117661;D;D;D
50116753;D;D;D
50116750;D;D;D
50114880;D;D;D
50114879;D;D;D
50114876;D;D;D
50114875;D;D;D
50114873;D;D;D
50114215;D;C2;D
50110816;D;D;D
50110815;D;D;D
50110342;D;C2;D
50109797;D;D;D
50109796;B2;B2;B2
50109794;D;D;D
50109793;D;D;D
50109481;D;D;D
50109476;D;D;D
50109432;D;D;D
50106758;D;D;D
50106757;D;D;D
50106756;D;D;D
50106212;D;D;D
50105501;D;C2;D
50105500;D;D;D
50105334;D;D;D
50105332;C2;C2;D
50104911;D;D;D
50104910;D;D;D
50104908;D;D;D
50103635;D;D;D
50103456;D;D;D
50101874;D;D;D
50100884;C2;C2;D
50099698;D;C2;D
50099448;D;D;D
50098998;B2;B2;B2
50097685;D;D;D
50096285;C2;D;D
50095840;D;D;D
50081301;C2;C2;C1
50080661;C2;C2;D
50080539;D;D;D
50075814;B2;B2;B2
50075813;D;D;D
50075806;B2;B1;B2
50074881;C1;C2;C1
50069933;C1;C1;C1
50069558;C1;C1;C1
50069557;C2;C2;C2
50068747;C1;C2;C2
50068730;D;D;D
50068729;D;D;D
50066454;C2;C2;C2
50061602;C2;C2;C2
50058465;C2;C2;C2
50057828;D;D;D
50055003;D;D;D
50054292;C2;C2;D
50054007;C2;C1;C2
50053253;C2;C2;C2
50052545;D;D;D
50050772;C2;C2;D
50050641;C2;C2;C2
50047566;D;D;D
50046901;D;D;D
50046880;C2;C2;C2
50042810;D;D;D
50030296;D;D;D
50029349;C2;C2;C2
50024000;B2;B2;B2
50999052;D;D;D
50974904;D;D;D
50971107;D;D;D
50957538;D;D;D
50950932;D;D;D
50946145;D;D;D
50914804;D;D;D
50912615;D;D;D
50899503;D;D;D
50897632;D;D;D
50895826;D;D;D
50859188;D;D;D
50855298;D;D;D
50834398;D;D;D
50776568;D;D;D
50769383;D;D;D
50735012;D;D;D
50731629;D;D;D
50702513;D;D;D
50678442;D;D;D
50670662;D;D;D
50636731;D;D;D
50626930;D;D;D
50581139;D;D;D
50572687;D;D;D
50564803;D;D;D
50548859;D;D;D
50468332;D;D;D
50462814;D;D;D
50453181;D;D;D
50442341;D;D;D
50415263;D;D;D
50399136;D;D;D
50389084;D;D;D
50378961;D;D;D
50378279;D;D;D
50362925;D;D;D
50362623;D;D;D
50294040;D;D;D
50290339;D;D;D
50282166;D;D;D
50268511;D;D;D
50247948;D;D;D
50238256;D;D;D
50201433;D;D;D
50186590;D;D;D
50161350;D;D;D
50151754;D;D;D
50116758;D;D;D
50116757;D;D;D
50115949;D;D;D
50114100;D;D;D
50114079;D;D;D
50114078;D;D;D
50113612;D;D;D
50111244;D;D;D
50111204;D;D;D
50110327;D;D;D
50109555;D;D;D
50109553;D;D;D
50109424;D;D;D
50109423;D;D;D
50109422;D;D;D
50109420;D;D;D
50109419;D;D;D
50109378;D;D;D
50109369;D;D;D
50109368;C2;C2;D
50109366;D;D;D
50109365;D;D;D
50109363;D;D;D
50109362;D;C2;D
50109361;D;D;D
50109360;D;D;D
50109359;D;C2;D
50109358;D;D;D
50109354;D;D;D
50109353;D;D;D
50109351;D;D;D
50109349;D;D;D
50109346;D;D;D
50109345;D;D;D
50109344;D;D;D
50109342;D;D;D
50109341;D;D;D
50109339;D;D;D
50109338;D;D;D
50109337;D;D;D
50109336;D;D;D
50109334;D;D;D
50109333;D;D;D
50109332;D;D;D
50109110;C2;C1;D
50109109;D;C1;D
50109108;D;D;D
50109107;D;D;D
50109106;D;C2;D
50109105;D;D;D
50109104;C2;C2;D
50109103;D;C1;D
50109102;C2;C2;D
50109101;C2;C2;D
50109100;C2;C1;D
50109099;C2;C1;D
50089816;C2;C2;D
50074952;D;D;D
50047448;D;D;D
50029900;D;D;D
50999184;D;D;D
50988875;D;D;D
50972219;D;D;D
50967991;D;D;D
50901508;D;D;D
50895672;D;D;D
50860003;D;D;D
50858823;D;D;D
50852590;D;D;D
50843141;D;D;D
50808141;D;D;D
50798863;D;D;D
50796348;D;D;D
50790129;D;D;D
50789252;D;D;D
50776274;D;D;D
50758136;D;D;D
50752170;D;D;D
50751069;D;D;D
50739395;D;D;D
50733915;D;D;D
50732471;D;D;D
50723758;D;D;D
50718002;D;D;D
50700189;D;D;D
50688057;D;D;D
50603515;D;D;D
50596136;D;D;D
50561189;D;D;D
50547399;D;D;D
50508164;D;D;D
50477633;D;D;D
50471201;D;D;D
50444689;D;D;D
50434667;D;D;D
50430742;D;D;D
50413007;D;D;D
50404334;D;D;D
50396404;D;D;D
50383566;D;D;D
50343947;D;D;D
50340018;D;D;D
50337629;D;D;D
50312928;D;D;D
50289896;D;D;D
50286404;D;D;D
50283057;D;D;D
50258494;D;D;D
50228102;D;D;D
50190237;D;D;D
50161288;D;D;D
50142712;D;D;D
50131389;D;D;D
50116542;D;D;D
50114764;D;D;D
50114761;D;D;D
50114758;D;D;D
50113847;D;D;D
50113839;D;D;D
50112889;D;D;D
50112887;D;D;D
50112884;D;D;D
50112883;D;D;D
50112545;D;D;D
50112544;D;D;D
50111246;D;D;D
50111245;D;D;D
50110752;D;D;D
50110751;D;D;D
50109786;D;D;D
50109331;D;D;D
50109324;D;D;D
50108823;D;D;D
50107766;D;D;D
50107126;D;D;D
50106083;D;D;D
50105503;D;D;D
50104803;D;D;D
50104802;D;D;D
50101659;C2;C2;D
50101647;D;D;D
50100457;D;D;D
50100231;B1;B2;B2
50100223;D;D;D
50098372;D;D;D
50096498;D;D;D
50096495;D;D;D
50096005;D;D;D
50095842;D;D;D
50095841;D;D;D
50095029;D;D;D
50094561;D;D;D
50090246;C1;B1;C1
50089448;B2;C1;C2
50088763;D;D;D
50087762;C1;C2;D
50085316;B2;B2;C2
50085055;C2;C2;D
50085053;D;D;D
50085051;D;D;D
50084741;D;D;D
50080699;B1;B1;B1
50080408;C1;C1;D
50079731;D;D;D
50079541;B1;B1;C1
50079464;D;D;D
50078462;D;D;D
50075424;B2;C1;C1
50075423;D;D;D
50074980;D;D;D
50074979;D;D;D
50074266;D;D;D
50071508;D;D;D
50070809;D;D;D
50070805;D;D;D
50070366;D;D;D
50070364;D;D;D
50070363;D;D;D
50065929;D;D;D
50064417;C2;C2;C2
50063311;D;C2;D
50060793;B2;B2;C1
50058415;D;D;D
50057513;C2;C2;D
50054939;C1;B2;C2
50053351;C2;C2;C2
50052158;B2;B2;C2
50050536;D;D;D
50047937;C1;C1;C1
50047935;C1;C1;C1
50047706;D;D;D
50044440;C1;C1;C1
50044264;D;D;D
50043505;D;D;D
50042739;D;D;D
50042334;D;C2;D
50041917;D;D;D
50041916;D;D;D
50040948;D;D;D
50040945;D;D;D
50040944;C2;C2;C2
50040943;C2;C2;C2
50040940;D;D;D
50030736;D;D;D
50030663;D;D;D
50029284;C2;B2;C2
50027744;C2;C2;C2
50027737;C2;C2;C2
50020637;B2;B2;B2
50020634;D;D;D
50016240;B2;B2;B2
50014826;C1;C1;C1
50014824;C2;C2;C2
50014549;C2;C2;C2
50013172;B2;B2;B2
50012548;C1;C1;C1
50012544;B2;B2;C1
50011802;C2;C2;C2
50007961;C1;C1;C1
50007959;D;D;D
50007958;C2;C2;C2
50005508;D;D;D
50000365;B2;B2;B2
50911252;D;D;D
50725173;D;D;D
50722379;D;D;D
50703080;D;D;D
50618997;D;D;D
50594168;D;D;D
50591630;D;D;D
50545809;D;D;D
50537059;D;D;D
50194941;D;D;D
50191527;D;D;D
50111390;C2;D;C2
50108899;D;D;D
50108898;D;D;D
50107569;D;D;D
50105112;C2;C2;D
50104570;D;D;D
50104569;D;D;D
50104246;D;D;D
50103495;C1;C1;D
50103494;C1;C1;D
50103219;C1;C1;D
50099986;B2;C1;C2
50099730;D;D;D
50098926;D;D;D
50097546;C1;D;C1
50095432;D;D;D
50094808;B1;B1;C1
50093800;D;D;D
50024835;D;D;C2
50000217;D;D;D
50999494;D;D;D
50990683;D;D;D
50983865;D;D;D
50982982;D;D;D
50977512;D;D;D
50961373;D;D;D
50960644;D;D;D
50933310;D;D;D
50914499;D;D;D
50874845;D;D;D
50864920;D;D;D
50860844;D;D;D
50830708;D;D;D
50830546;D;D;D
50826921;D;D;D
50818414;D;D;D
50794639;D;D;D
50781650;D;D;D
50688634;D;D;D
50688472;D;D;D
50686445;D;D;D
50667912;D;D;D
50590049;D;D;D
50575570;D;D;D
50567047;D;D;D
50550047;D;D;D
50529374;C2;C2;C1
50523597;D;D;D
50523341;D;D;D
50514121;C2;C2;C2
50491563;D;D;D
50481924;D;D;D
50461486;D;D;D
50458671;D;D;D
50454803;D;D;D
50448196;D;D;D
50436937;D;D;D
50436309;D;D;D
50413481;D;D;D
50390228;D;D;D
50387871;D;D;D
50376470;D;D;D
50368346;D;D;D
50315978;D;D;D
50303937;D;D;D
50293680;D;D;D
50275410;D;D;D
50241141;D;D;D
50237624;D;D;D
50209671;D;D;D
50205420;D;D;D
50190954;D;D;D
50179616;D;D;D
50173154;D;D;D
50138650;D;D;D
50128612;D;D;D
50125311;D;D;D
50116428;D;D;D
50116426;D;D;D
50116425;D;D;D
50116424;D;D;D
50116416;D;D;D
50116413;D;D;D
50116411;D;D;D
50113854;D;D;D
50113487;D;D;D
50113486;D;D;D
50113484;D;D;D
50112569;C2;C2;D
50112568;D;D;D
50110734;D;D;D
50110733;C2;C2;D
50110731;D;D;D
50110723;C2;C2;C2
50110722;C2;C2;C2
50109183;B2;C1;C2
50108401;C2;C2;D
50107383;C1;C2;D
50107379;D;D;D
50106208;C2;C2;D
50106194;D;D;D
50106193;D;D;D
50106192;D;D;D
50102325;C2;C2;C2
50102322;D;D;D
50097977;D;D;D
50097829;D;D;D
50097283;D;D;D
50097279;D;D;D
50096043;D;D;D
50095148;C1;C1;D
50095147;C1;C1;C1
50094936;D;D;D
50094761;C2;C2;C2
50094130;C2;C2;D
50092902;C2;C2;C2
50091685;D;D;D
50089584;C1;B2;C1
50088601;C2;C2;D
50087097;C2;C2;D
50087085;D;C2;D
50083056;B2;B2;B2
50076756;C2;C1;C2
50075482;C1;C1;C1
50075199;C2;C1;C2
50072795;C2;C2;C2
50072256;C2;C1;D
50072192;D;D;D
50072191;D;D;D
50071297;D;D;D
50066682;D;D;D
50064536;C1;C1;D
50064533;D;D;D
50063677;B2;B2;C2
50062132;C2;C2;C2
50061714;C1;B2;C1
50057897;C2;C2;D
50056141;D;D;D
50054552;C2;C1;D
50054432;C2;C2;C2
50054430;C2;C2;C2
50053943;C2;C2;C2
50048833;D;D;D
50048240;D;D;D
50048239;C1;C1;C1
50048232;B2;B2;C1
50048231;D;D;D
50045969;C1;C1;B1
50043907;C1;C1;C1
50042440;D;D;D
50041620;D;D;D
50039675;B1;A;B1
50037961;D;D;D
50034358;D;C2;D
50032887;D;D;D
50032878;D;D;D
50029652;D;D;D
50025925;C2;D;D
50022624;C1;C1;C1
50018408;D;C2;C2
50016159;D;D;D
50014675;D;D;D
50012332;D;D;D
50012330;C2;C2;C2
50012321;D;D;D
50007546;D;C2;D
50007538;C2;C2;C2
50007535;D;D;D
50925873;D;D;D
50924257;D;D;D
50924214;D;D;D
50886452;D;D;D
50869167;D;D;D
50837745;D;D;D
50794906;D;D;D
50752375;D;D;D
50746545;D;D;D
50738399;D;D;D
50715291;D;D;D
50625802;D;D;D
50590448;D;D;D
50551388;D;D;D
50538942;D;D;D
50405764;D;D;D
50380508;D;D;D
50306839;D;D;D
50228390;D;D;D
50200461;D;D;D
50149059;D;D;D
50131540;D;D;D
50115205;D;D;D
50115203;D;D;D
50115202;C2;C2;D
50115201;D;D;D
50114374;D;D;D
50114370;D;D;D
50112830;D;D;D
50111388;D;D;D
50111386;D;C2;D
50105974;D;D;D
50105208;D;D;D
50105207;C2;C2;C2
50105201;D;D;D
50105200;D;D;D
50105199;D;D;D
50094442;D;D;D
50090253;D;D;D
50087889;D;D;D
50082093;C2;C1;C2
50081634;D;D;D
50081122;C2;C2;C2
50078262;C2;C1;D
50077430;D;D;D
50077099;D;D;D
50070112;D;C2;D
50050477;C1;C1;C1
50039810;C1;C1;C1
50037967;C2;B2;C2
50033712;D;D;D
50032165;C2;C2;C2
50029618;C2;C2;C2
50029588;D;C1;C2
50028812;C1;C1;C1
50028036;D;D;D
50027511;C2;C2;C2
50026196;C2;C1;C2
50025849;D;D;D
50025537;D;D;D
50023165;D;D;D
50010301;D;D;D
50009114;C2;C2;C2
50999273;D;D;D
50997181;D;D;D
50987100;D;D;D
50979396;D;D;D
50970453;D;D;D
50970011;D;D;D
50963899;D;D;D
50963732;D;D;D
50952722;D;D;D
50947605;D;D;D
50939629;D;D;D
50913131;D;D;D
50890379;D;D;D
50887793;D;D;D
50885987;D;D;D
50874926;D;D;D
50874551;D;D;D
50855379;D;D;D
50835858;D;D;D
50823582;D;D;D
50813048;D;D;D
50802720;D;D;D
50792644;D;D;D
50780573;D;D;D
50763024;D;D;D
50758314;D;D;D
50758039;D;D;D
50757245;D;D;D
50755358;D;D;D
50748335;D;D;D
50745077;D;D;D
50723200;D;D;D
50713884;D;D;D
50710222;D;D;D
50705962;D;D;D
50694847;D;D;D
50686267;D;D;D
50667386;D;D;D
50654268;D;D;D
50649647;D;D;D
50649205;D;D;D
50637533;D;D;D
50632922;D;D;D
50629778;D;D;D
50622749;D;D;D
50612867;D;D;D
50586262;D;D;D
50567322;D;D;D
50553771;D;D;D
50520768;D;D;D
50512498;D;D;D
50505017;D;D;D
50497146;D;D;D
50487345;D;D;D
50485644;D;D;D
50485423;D;D;D
50480316;D;D;D
50465198;D;D;D
50443658;D;D;D
50443429;D;D;D
50419757;D;D;D
50404032;D;D;D
50392069;D;D;D
50382381;D;D;D
50359673;D;D;D
50344455;D;D;D
50340549;D;D;D
50340492;D;D;D
50335758;D;D;D
50328867;D;D;D
50314920;D;D;D
50309048;D;D;D
50306898;D;D;D
50300385;D;D;D
50295381;D;D;D
50292633;D;D;D
50279645;D;D;D
50266918;D;D;D
50264761;D;D;D
50262130;D;D;D
50257471;D;D;D
50254111;D;D;D
50247123;D;D;D
50231340;D;D;D
50226835;D;D;D
50219774;D;D;D
50211900;D;D;D
50206966;D;D;D
50183273;D;D;D
50176439;D;D;D
50175882;D;D;D
50136194;D;D;D
50127829;D;D;D
50115266;D;D;D
50115263;D;D;D
50114562;D;D;D
50114561;D;D;D
50114558;D;D;D
50114556;D;D;D
50114555;D;D;D
50114551;D;D;D
50114546;C1;C1;C2
50114545;C1;C1;C2
50114541;D;D;D
50114540;D;D;D
50114539;D;D;D
50114536;D;D;D
50113328;D;D;D
50112876;D;D;D
50112875;D;D;D
50112874;D;D;D
50111714;D;D;D
50111710;D;D;D
50111709;D;D;D
50111703;D;D;D
50111702;D;D;D
50111063;D;D;D
50111060;D;D;D
50111059;D;D;D
50108908;D;D;D
50106729;B2;B2;C2
50106727;D;D;D
50106717;D;D;D
50105504;D;D;D
50105253;C2;C2;D
50105245;D;D;D
50105241;D;D;D
50105240;D;D;D
50105239;C2;C2;D
50104410;D;D;D
50103986;D;D;D
50103745;C2;C2;D
50103611;D;D;D
50103315;D;D;D
50103161;D;D;D
50103123;D;D;D
50101190;D;D;D
50101178;D;D;D
50100012;C2;C1;D
50099184;D;D;D
50098557;D;D;D
50098232;D;D;D
50096603;C2;C2;C2
50096482;D;D;D
50096480;D;D;D
50096479;D;D;D
50096477;D;D;D
50096147;D;D;D
50096145;D;D;D
50096144;D;D;D
50095655;B1;B1;B2
50092877;C1;B2;C1
50092661;D;D;D
50091754;B1;B1;C1
50091750;D;D;D
50091235;D;D;D
50091234;D;D;D
50091071;D;D;D
50090973;C2;C1;D
50090964;D;D;D
50087473;C2;C2;D
50087471;C1;C2;D
50086842;C1;C1;C1
50085853;D;D;D
50085603;D;D;D
50085372;D;D;D
50085371;D;D;D
50085370;D;D;D
50085368;D;D;D
50085367;D;D;D
50085366;D;D;D
50085365;D;D;D
50085364;D;D;D
50085363;D;D;D
50085357;D;D;D
50085353;D;D;D
50085347;D;D;D
50085317;B2;B2;B2
50081119;B2;B2;B2
50081117;D;D;D
50081116;D;D;D
50081113;D;D;D
50078727;C2;C2;C2
50078723;C2;C2;D
50078722;B2;B2;C1
50078721;D;D;D
50077631;D;D;D
50077431;C1;C1;D
50072474;B2;B2;B2
50072460;B1;B2;B2
50072456;D;D;D
50070610;C1;C1;C1
50067939;C1;C1;C1
50066612;D;C2;D
50065208;D;D;D
50063793;B2;B2;B2
50063455;B1;B2;B1
50063454;D;D;D
50063321;D;D;D
50062957;B2;B2;B2
50062205;D;D;D
50061757;D;D;D
50061756;D;D;D
50057838;D;D;D
50057837;D;D;D
50056599;D;D;D
50056595;C1;B1;C1
50056585;D;D;D
50054374;D;D;D
50053522;D;D;D
50051646;C1;C1;C1
50050733;D;C2;D
50050725;D;D;D
50050724;D;D;D
50050715;D;D;D
50048396;B2;B2;B2
50047793;B2;B1;B2
50047791;D;C1;D
50046191;D;D;D
50044522;D;D;D
50044521;D;D;D
50044511;D;D;D
50043129;D;D;D
50042592;D;D;D
50042589;D;D;D
50041762;D;D;D
50041306;D;D;D
50035695;C2;C2;C2
50035693;D;D;D
50035665;D;D;D
50034255;B2;B2;B2
50034251;B2;B2;B2
50031239;C2;C2;C2
50027473;C2;C1;C2
50025240;D;D;D
50025181;D;D;D
50023460;C1;C1;C1
50019777;D;D;D
50018727;D;D;D
50018452;C2;C2;C2
50015410;D;D;D
50015401;C2;C2;C2
50012882;D;D;D
50012879;D;D;D
50007612;C1;C1;C1
50005958;D;D;D
50005955;D;D;D
50005503;C1;B2;C1
50004350;D;D;D
50003946;D;D;D
50000829;C1;C1;C1
50991671;D;D;D
50841718;D;D;D
50739468;D;D;D
50719084;D;D;D
50706497;D;D;D
50591010;D;D;D
50499874;D;D;D
50342959;D;D;D
50273493;D;D;D
50258664;D;D;D
50134493;D;D;D
50116799;D;D;D
50116798;D;D;D
50114081;D;D;D
50113860;D;D;D
50113859;C1;D;D
50112821;D;D;D
50112699;D;D;D
50112698;D;D;D
50112681;D;D;D
50112680;D;D;D
50112678;D;D;D
50112668;D;D;D
50112667;D;D;D
50112665;D;D;D
50112661;D;D;D
50112660;D;D;D
50112659;D;D;D
50112657;D;D;D
50112656;C2;C2;C2
50112655;C2;D;D
50112654;D;D;D
50101394;D;D;D
50084385;D;D;D
50071454;C2;C2;C2
50068872;D;D;D
50991086;D;D;D
50951521;D;D;D
50950088;D;D;D
50923374;D;D;D
50895761;D;D;D
50846108;D;D;D
50807153;D;D;D
50761307;D;D;D
50737945;D;D;D
50719793;D;D;D
50640143;D;D;D
50612832;D;D;D
50585223;D;D;D
50543210;D;D;D
50503650;D;D;D
50319566;D;D;D
50269569;D;D;D
50222481;D;D;D
50153862;D;D;D
50118978;D;D;D
50113958;D;D;D
50113957;D;D;D
50113956;D;D;D
50109956;D;D;D
50109169;D;D;D
50109168;D;D;D
50107564;D;D;D
50107563;D;D;D
50106769;D;D;D
50099355;D;D;D
50098182;D;D;D
50098052;D;D;D
50097532;D;D;D
50093919;D;D;D
50093914;D;D;D
50093908;D;D;D
50093907;D;D;D
50093906;D;D;D
50045008;C2;C2;C2
50027798;D;D;D
50109038;C2;C2;C2
50095095;C2;C2;C2
50065359;D;D;D
50064168;C2;C2;C2
50061351;D;C2;C2
50060809;D;D;D
50060808;D;D;D
50060807;D;D;D
50060076;D;D;D
50058247;D;D;D
50037580;C2;C2;D
50034446;D;D;D
50028973;C2;C2;C2
50012820;D;D;D
50882368;D;D;D
50828495;D;D;D
50794132;D;D;D
50638394;D;D;D
50582089;D;D;D
50377507;D;D;D
50321439;D;D;D
50259563;D;D;D
50246771;D;D;D
50193589;D;D;D
50191993;D;D;D
50115633;D;D;D
50114123;D;D;D
50113335;D;D;D
50113333;D;D;D
50113332;D;D;D
50113058;D;D;D
50112581;D;D;D
50112578;D;D;D
50108815;D;D;D
50108645;C2;D;C2
50107700;D;D;D
50107699;D;D;D
50106807;D;D;D
50106806;D;D;D
50104729;C2;D;D
50104591;D;D;D
50104412;D;D;D
50100147;D;D;D
50100145;D;D;D
50099697;D;D;D
50099608;D;D;D
50099607;D;D;D
50098796;D;D;D
50098795;D;D;D
50098794;D;D;D
50098607;D;D;D
50098606;D;D;D
50098319;D;D;D
50097701;D;D;D
50097700;D;D;D
50096748;D;D;D
50096347;D;D;D
50096346;D;D;D
50095998;D;D;D
50093973;D;D;D
50088114;D;D;D
50087064;D;D;D
50086443;D;D;D
50084765;D;D;D
50084132;D;D;D
50072276;D;D;D
50070640;C2;C2;C2
50068737;D;C1;D
50066951;D;D;D
50066947;D;D;D
50065010;D;D;D
50064587;C2;C2;D
50062583;D;D;D
50062426;D;D;D
50059641;D;D;D
50059280;D;D;D
50059139;C1;C1;C2
50057768;D;D;D
50053047;D;D;D
50047500;C1;C1;C1
50047039;D;D;D
50045765;C2;C1;C2
50045268;D;D;D
50044099;C1;C1;C1
50043987;C1;C1;C2
50043870;D;D;D
50043713;C2;C2;C2
50037734;D;D;D
50036472;D;D;D
50033851;D;C2;D
50020735;D;D;D
50010967;C2;D;D
50010966;D;D;D
50010964;C2;C2;C2
50010959;C2;C2;C2
50010958;C2;C2;C2
50973584;D;D;D
50951882;D;D;D
50943138;D;D;D
50918613;D;D;D
50902814;D;D;D
50867687;D;D;D
50858424;D;D;D
50850113;D;D;D
50832492;D;D;D
50831704;D;D;D
50831542;D;D;D
50817213;D;D;D
50814044;D;D;D
50806440;D;D;D
50804774;D;D;D
50799649;D;D;D
50787802;D;D;D
50783424;D;D;D
50774611;D;D;D
50746057;D;D;D
50737953;D;D;D
50727680;D;D;D
50727672;D;D;D
50709739;D;D;D
50702742;D;D;D
50682563;D;D;D
50675362;D;D;D
50643827;D;D;D
50642995;D;D;D
50619322;D;D;D
50596691;D;D;D
50592521;D;D;D
50569503;D;D;D
50568558;D;D;D
50550861;D;D;D
50545140;D;D;D
50535870;D;D;D
50534416;D;D;D
50520113;D;D;D
50515578;D;D;D
50482963;D;D;D
50469118;D;D;D
50434896;D;D;D
50431048;D;D;D
50428411;D;D;D
50428381;D;D;D
50427997;D;D;D
50417924;D;D;D
50409042;D;D;D
50406744;D;D;D
50379380;D;D;D
50373013;D;D;D
50354728;D;D;D
50346822;D;D;D
50346598;D;D;D
50342843;D;D;D
50327003;D;D;D
50325949;D;D;D
50308777;D;D;D
50275364;D;D;D
50267426;D;D;D
50261088;D;D;D
50254782;D;D;D
50250655;D;D;D
50245422;D;D;D
50236342;D;D;D
50210270;D;D;D
50208128;D;D;D
50206575;D;D;D
50197193;D;D;D
50184903;D;D;D
50183729;D;D;D
50142925;D;D;D
50137913;D;D;D
50116747;D;D;D
50116742;D;D;D
50115659;D;D;D
50115009;D;D;D
50114596;D;D;D
50114594;D;D;D
50114210;D;D;D
50114114;D;D;D
50114000;D;D;D
50113999;D;D;D
50111428;D;D;D
50111055;D;D;D
50111053;D;D;C2
50111052;C2;D;D
50110941;D;D;D
50110067;D;D;D
50110063;D;D;D
50109431;D;D;D
50109430;D;D;D
50108774;D;D;D
50107828;C2;C2;D
50107169;D;D;D
50105831;D;D;D
50104329;B2;C1;C2
50103381;C1;C1;C1
50100430;D;D;D
50100073;C1;C1;D
50099693;D;D;D
50099692;D;D;D
50099476;D;D;D
50099317;D;D;D
50096965;D;D;D
50096242;D;D;D
50096239;D;D;D
50095694;D;D;D
50095693;D;D;D
50095690;D;D;D
50095688;D;D;D
50095351;D;D;D
50094342;D;D;D
50091349;D;D;D
50091017;D;D;D
50090788;D;D;D
50090783;D;D;D
50088130;C1;B2;C1
50087485;C1;C2;C2
50087484;D;D;D
50085646;D;D;D
50081703;D;D;D
50081646;D;C2;D
50081645;C1;B2;C2
50080550;D;D;D
50079438;D;D;D
50078670;D;D;D
50076850;D;D;D
50076845;D;D;D
50076355;D;D;D
50075851;D;D;D
50072501;D;D;D
50072500;D;D;D
50071808;D;C2;C1
50071516;D;D;D
50070962;C2;C2;C2
50070598;D;D;D
50070372;C1;C1;C1
50069613;C2;C1;C2
50067363;D;D;D
50067133;B1;B1;B2
50066700;D;D;D
50066693;C2;B2;C1
50066513;D;D;D
50063179;B1;B1;C1
50062981;D;D;D
50062800;D;D;D
50062655;C2;D;C2
50060774;D;D;D
50059666;C2;C2;C2
50058647;B2;B2;C2
50056483;C1;C2;C1
50056084;D;D;D
50056082;D;D;D
50054016;D;D;D
50052114;D;D;D
50050995;D;D;D
50050446;D;D;D
50044383;C2;C2;C2
50044376;D;D;D
50044208;D;D;D
50044188;C1;C1;C1
50044083;C1;C1;C1
50040285;D;D;D
50033856;C1;C1;C1
50032606;D;C2;D
50032455;D;D;D
50019427;B1;B1;B1
50992341;D;D;D
50983849;D;D;D
50964143;D;D;D
50947303;D;D;D
50926268;D;D;D
50911449;D;D;D
50899244;D;D;D
50889354;D;D;D
50883569;D;D;D
50808540;D;D;D
50797042;D;D;D
50785737;D;D;D
50739905;D;D;D
50736930;D;D;D
50728733;D;D;D
50718932;D;D;D
50707728;D;D;D
50700049;D;D;D
50680552;D;D;D
50668781;D;D;D
50663763;D;D;D
50652435;D;D;D
50649914;D;D;D
50608878;D;D;D
50601288;D;D;D
50564021;D;D;D
50536907;D;D;D
50527088;D;D;D
50520830;D;D;D
50517937;D;D;D
50514474;D;D;D
50508733;D;D;D
50496638;D;D;D
50494988;D;D;D
50491830;D;D;D
50490796;D;D;D
50479806;D;D;D
50457616;D;D;D
50446177;D;D;D
50439030;D;D;D
50430246;D;D;D
50400258;D;D;D
50388096;D;D;D
50360221;D;D;D
50305948;D;D;D
50295888;D;D;D
50292242;D;D;D
50291114;D;D;D
50290711;D;D;D
50280511;D;D;D
50277472;D;D;D
50276425;D;D;D
50271709;D;D;D
50242628;D;D;D
50213210;D;D;D
50204238;D;D;D
50194798;D;D;D
50193228;D;D;D
50191810;D;D;D
50188046;D;D;D
50181645;D;D;D
50177184;D;D;D
50174991;D;D;D
50163698;D;D;D
50156861;D;D;D
50156713;D;D;D
50135570;D;D;D
50116451;D;D;D
50116450;B1;B1;B2
50115959;D;D;D
50115957;D;D;D
50115956;D;D;D
50115955;D;D;D
50115953;D;D;D
50115835;D;D;D
50115834;D;D;D
50115832;D;D;D
50115829;D;D;D
50115818;D;D;D
50115815;D;D;D
50115810;D;D;D
50114621;D;D;D
50113622;D;D;D
50113407;D;D;D
50113405;D;D;D
50113402;D;D;D
50113396;D;D;D
50113149;D;D;D
50113148;D;D;D
50111682;D;D;D
50111586;D;D;D
50111581;D;D;D
50111580;D;D;D
50111578;D;D;D
50111577;D;D;D
50111572;D;D;D
50110991;D;D;D
50110989;D;D;D
50110988;D;D;D
50110981;D;D;D
50110978;D;D;D
50110975;D;D;D
50110971;D;D;D
50109632;D;D;D
50109302;D;D;D
50108959;B2;B2;B2
50108394;D;D;D
50108393;D;D;D
50108391;D;D;D
50107308;D;D;D
50106674;D;D;D
50106624;D;D;D
50106623;D;D;D
50105583;D;D;D
50105160;D;D;D
50105157;D;D;D
50105018;D;D;D
50104508;D;D;D
50103955;C1;C1;C2
50102955;D;D;D
50102722;D;D;D
50101624;D;D;D
50100840;C2;C2;D
50100830;D;D;D
50100676;D;D;D
50100589;D;D;D
50100585;D;D;D
50100287;D;D;D
50099437;D;D;D
50099436;D;D;D
50099076;D;D;D
50098656;D;D;D
50098520;D;D;D
50098312;C2;D;D
50096820;C2;D;D
50096573;D;D;D
50096570;D;D;D
50096462;D;D;D
50096458;D;D;D
50094924;B2;B2;B2
50094702;D;D;D
50094485;D;C2;D
50093948;D;D;D
50093865;D;D;D
50092590;D;D;D
50092588;D;D;D
50092576;D;D;D
50092458;D;D;D
50092143;D;D;D
50092142;D;D;D
50092137;D;D;D
50092134;D;D;D
50091501;D;D;D
50091091;D;D;D
50091090;D;D;D
50091089;C2;D;D
50091088;D;D;D
50090373;D;C2;D
50090132;B1;B1;B1
50086345;C1;C2;D
50085748;D;D;D
50084525;D;D;D
50083929;B1;B1;B1
50083852;D;D;D
50083823;C2;C2;D
50082523;D;C2;D
50081970;D;D;D
50081969;D;D;D
50081966;B2;B2;B2
50081730;C2;D;D
50080108;C2;C2;C2
50078831;D;D;D
50077177;C2;C2;C2
50076827;D;D;D
50076822;D;D;D
50076525;D;D;D
50076517;D;D;D
50076499;A;A;A
50074142;B2;C2;C2
50073877;C2;C2;C2
50073572;B2;B2;C2
50073068;D;D;D
50071647;C1;C2;D
50071646;C2;C2;D
50070014;D;D;D
50069952;C1;B2;B2
50069038;C2;C2;C2
50068031;D;C2;D
50066974;C2;C2;C2
50066967;D;D;D
50066420;C1;C1;C1
50066416;C2;D;C2
50066332;D;D;D
50065810;D;C2;D
50063845;C1;C1;C1
50063380;C1;C1;C1
50063192;C2;C2;D
50062873;D;D;D
50062740;D;D;D
50062510;C2;C1;C2
50061896;B1;A;A
50061347;D;D;D
50060554;C1;B2;B1
50060221;C1;C2;D
50059746;B2;B2;C2
50059498;D;D;D
50057708;D;D;D
50057313;C2;C2;C2
50056907;D;D;D
50055585;C1;C1;C1
50055140;C2;C1;D
50054539;D;D;D
50052223;C1;C1;C1
50050601;D;C2;D
50049403;C2;C1;C2
50049171;C2;C2;D
50049170;C1;C1;C1
50048929;D;C2;C2
50047635;D;C1;D
50047634;B2;B2;B2
50047581;C1;C1;C1
50047295;D;D;D
50046072;C2;C1;C2
50043764;C1;C1;C1
50043615;C2;C1;D
50039016;D;D;D
50037095;B2;B2;B2
50035893;D;D;D
50035657;D;C1;D
50034256;C2;B2;C2
50033372;D;C2;D
50031356;B2;B2;B2
50030805;C2;B2;C1
50030804;C2;C2;C1
50029589;C1;C1;C1
50029358;C2;C2;C2
50028403;C2;C2;C2
50027709;C1;C1;C1
50027560;D;C2;C2
50027559;C2;C2;D
50025407;B2;B2;B2
50024623;C2;C2;C2
50023573;C1;C1;C1
50023054;C2;C2;C2
50020555;C1;C1;C1
50019670;B2;B2;B2
50019039;C2;C2;C2
50018202;D;D;D
50015368;B2;B2;B2
50012944;D;D;D
50009784;C2;C2;D
50009783;C2;C2;C2
50006216;D;D;D
50004913;C2;C2;C2
50980238;D;D;D
50974785;D;D;D
50910639;D;D;D
50902679;D;D;D
50896156;D;D;D
50891898;D;D;D
50843834;D;D;D
50809393;D;D;D
50797239;D;D;D
50774980;D;D;D
50774182;D;D;D
50736949;D;D;D
50730479;D;D;D
50705423;D;D;D
50677055;D;D;D
50674234;D;D;D
50664832;D;D;D
50662759;D;D;D
50657216;D;D;D
50656511;D;D;D
50616315;D;D;D
50610031;D;D;D
50604635;D;D;D
50585029;D;D;D
50565648;D;D;D
50540858;D;D;D
50519700;D;D;D
50508032;D;D;D
50491288;D;D;D
50475118;D;D;D
50455087;D;D;D
50389610;D;D;D
50374133;D;D;D
50367714;D;D;D
50335561;D;D;D
50332600;D;D;D
50313401;D;D;D
50303333;D;D;D
50282522;D;D;D
50259474;D;D;D
50238752;D;D;D
50221825;D;D;D
50213970;D;D;D
50213296;D;D;D
50210572;D;D;D
50205765;D;D;D
50181580;D;D;D
50178466;D;D;D
50161164;D;D;D
50112382;D;D;D
50112352;D;D;D
50107248;D;D;D
50107247;D;D;D
50107240;D;D;D
50107208;D;D;D
50103046;D;D;D
50098263;D;D;D
50098249;C2;C2;C2
50098243;D;D;D
50093679;D;D;D
50093670;D;D;D
50086437;D;D;D
50083715;C2;C2;D
50074646;D;D;D
50072923;D;D;D
50069169;D;D;D
50066398;D;D;D
50066364;D;D;D
50060012;D;D;D
50056061;D;D;D
50054573;C2;D;C2
50053462;C2;C2;C2
50048935;D;C2;D
50048934;C2;C2;C2
50045104;C2;C2;C2
50045097;C2;C2;D
50032026;C2;C2;D
50015181;C2;C2;C2
50996223;D;D;D
50978721;D;D;D
50974521;D;D;D
50956280;D;D;D
50944444;D;D;D
50824821;D;D;D
50822454;D;D;D
50802615;D;D;D
50757792;D;D;D
50737368;D;D;D
50709798;D;D;D
50686364;D;D;D
50685325;D;D;D
50666959;D;D;D
50591959;D;D;D
50548425;D;D;D
50470302;D;D;D
50396757;D;D;D
50389718;D;D;D
50387677;D;D;D
50328883;D;D;D
50310690;D;D;D
50303775;D;D;D
50253158;D;D;D
50253042;D;D;D
50242164;D;D;D
50225936;D;D;D
50214969;D;D;D
50209183;D;D;D
50188437;D;D;D
50186841;D;D;D
50163043;D;D;D
50160796;D;D;D
50116759;D;D;D
50116740;D;D;D
50116549;D;D;D
50116547;D;D;D
50116546;D;D;D
50114893;D;D;D
50114892;D;D;D
50114099;B2;B2;C2
50114097;D;D;D
50114096;D;D;D
50114065;D;D;D
50113530;D;D;D
50113529;D;D;D
50111402;B1;B2;B2
50111205;B1;B1;B1
50110855;D;D;D
50110698;D;D;D
50110697;D;D;D
50109624;D;D;D
50109623;D;D;D
50109510;D;D;D
50109509;D;D;D
50109507;D;D;D
50109335;B1;B1;B1
50109136;D;D;D
50105629;D;D;D
50105513;D;D;D
50105511;D;D;D
50104294;D;D;D
50104196;D;D;D
50103990;D;D;D
50100554;D;D;D
50100553;D;D;D
50100551;C2;D;D
50099406;D;D;D
50099173;D;D;D
50095101;B1;B1;B1
50092920;C2;C2;C2
50089968;C1;B2;C2
50085463;B2;B2;B2
50085462;C2;C1;C2
50085119;B1;B1;B2
50077551;D;D;D
50075933;D;D;D
50074432;C2;C1;C2
50070627;C2;C2;C2
50065301;C2;C1;C2
50062932;B1;B1;B2
50059531;D;D;D
50055762;C1;C1;C1
50052902;D;D;D
50049914;B2;B2;B2
50048558;C1;C1;C1
50048038;D;D;D
50048037;D;D;D
50048036;C2;C2;C2
50043496;B2;B2;B2
50040301;D;D;D
50037470;B2;B2;B1
50024273;C1;C1;C1
50021076;D;D;D
50020616;D;D;D
50018901;C2;C2;C2
50017444;C2;C2;C2
50014599;C2;C2;C2
50014596;C1;C1;C1
50976613;D;D;D
50962604;D;D;D
50851063;D;D;D
50847287;D;D;D
50807757;D;D;D
50787918;D;D;D
50768417;D;D;D
50683314;D;D;D
50672010;D;D;D
50664085;D;D;D
50649515;D;D;D
50640151;D;D;D
50624059;D;D;D
50620606;D;D;D
50579088;D;D;D
50529986;D;D;D
50423347;D;D;D
50271768;D;D;D
50262939;D;D;D
50257536;D;D;D
50239473;D;D;D
50237799;D;D;D
50218956;D;D;D
50165135;D;D;D
50138146;D;D;D
50125001;D;D;D
50113674;D;D;D
50113670;D;D;D
50107620;D;D;D
50099089;D;D;D
50095154;C2;C2;C2
50092781;D;D;D
50085283;D;D;D
50080311;D;D;D
50076953;D;D;D
50074888;D;C2;C2
50073692;D;D;D
50073196;C2;C2;D
50073193;C2;D;C2
50069314;D;D;D
50064101;D;D;D
50057584;D;C2;D
50056182;D;D;D
50053545;D;D;D
50047035;D;D;D
50041988;C1;C1;C1
50037736;C2;C2;C2
50030794;C2;C1;C2
50028991;D;D;D
50027391;C1;C1;C1
50027284;D;D;D
50025957;C2;C1;C2
50023490;C1;C1;C1
50023489;C2;C2;C2
50022394;D;D;D
50997092;D;D;D
50919695;D;D;D
50914561;D;D;D
50911864;D;C2;D
50878883;D;D;D
50878352;D;D;D
50869337;D;D;D
50868853;D;D;D
50831313;D;D;D
50829890;D;D;D
50829661;D;D;D
50829025;D;D;D
50828967;D;D;D
50808850;D;D;D
50797484;D;D;D
50784013;D;D;D
50754211;D;D;D
50751603;D;D;D
50747932;D;D;D
50741640;D;D;D
50736566;D;D;D
50717456;D;D;D
50717030;D;D;D
50713493;D;D;D
50706551;D;D;D
50706101;D;D;D
50704907;D;D;D
50702319;D;D;D
50694707;D;D;D
50678701;D;D;D
50675559;D;D;D
50672444;D;D;D
50670271;D;D;D
50648330;D;D;D
50642154;D;D;D
50627643;D;D;D
50627627;D;D;D
50626469;D;D;D
50621505;D;D;D
50591835;D;D;D
50584340;D;C2;D
50576976;D;D;D
50565796;D;D;D
50547577;D;D;D
50535420;D;D;D
50534742;D;D;D
50527975;D;D;D
50519662;D;D;D
50502379;D;D;D
50482467;D;D;D
50476718;D;C2;D
50475134;D;D;D
50470981;D;D;D
50459651;D;D;D
50437097;D;D;D
50434535;D;D;D
50424920;D;D;D
50400398;D;D;D
50383396;D;D;D
50380737;D;D;D
50378546;C1;C1;C1
50378155;D;D;D
50365916;D;D;D
50365509;D;D;D
50349732;D;D;D
50347411;D;D;D
50335472;D;D;D
50334506;C2;C2;C2
50314807;D;D;D
50311506;D;D;D
50300393;D;D;D
50294865;D;D;D
50289799;C2;C2;C2
50286382;D;D;D
50283669;D;D;D
50278800;D;D;D
50277316;D;D;D
50273485;D;D;D
50270877;D;D;D
50261231;D;D;D
50260901;D;D;D
50246259;D;D;D
50222643;D;D;D
50222597;D;D;D
50219103;D;D;D
50216937;D;D;D
50206362;D;C2;D
50205803;B2;B2;B2
50189549;D;D;D
50188577;D;D;D
50180940;D;D;D
50153129;D;D;D
50146300;D;D;D
50140272;D;D;D
50139975;D;D;D
50138154;D;D;D
50134590;D;D;D
50133152;D;D;D
50112463;D;D;D
50112462;D;D;D
50112455;D;D;D
50110954;D;D;D
50109414;D;D;D
50109413;D;D;D
50109412;B2;B1;B1
50108897;D;D;D
50107888;D;D;D
50106820;C2;C2;C2
50106819;D;D;D
50106750;D;D;D
50105152;C2;C2;C2
50105147;C2;C2;C2
50105141;C2;C2;D
50104815;B1;C1;C1
50104031;D;D;D
50101010;D;C2;D
50100794;D;D;D
50100792;D;D;D
50099267;D;D;D
50099264;C2;C2;D
50097674;C2;C2;D
50097054;B1;B1;B1
50096848;D;D;D
50095856;D;D;D
50095072;C1;C1;C1
50094897;C1;D;D
50092395;C2;C2;C2
50092387;B2;B1;B1
50091586;C2;C2;C2
50091585;D;D;D
50091583;C1;B2;B2
50091582;C1;C1;C1
50091580;C2;C2;D
50090359;C1;B2;C1
50089753;D;D;D
50089457;D;D;D
50088186;D;D;D
50086874;D;C2;D
50086607;D;D;D
50086307;D;D;D
50085480;C2;C2;D
50085479;C1;C2;C2
50085478;C1;C1;C2
50085208;C1;B2;C1
50081058;C1;C1;C2
50076967;C2;C2;C2
50072197;C2;C1;C2
50069075;C1;C1;C1
50069074;C1;C1;C1
50068783;C2;C2;C2
50067846;B2;B2;C1
50066435;C1;B1;B2
50062914;C2;C2;C2
50062683;B1;C1;C1
50057079;C1;C1;C1
50056490;C1;B2;C1
50056000;B2;B2;B2
50055870;C2;C2;C2
50054341;D;D;D
50053810;D;D;D
50051141;C1;C1;C1
50050498;B2;B1;B2
50049869;D;D;D
50047773;D;D;D
50047373;D;C2;D
50046839;D;C2;D
50046838;C2;C2;C2
50046208;C2;C2;D
50045992;C2;C2;C2
50043697;B2;B2;B2
50041229;A;B2;B2
50041083;B2;B2;B2
50032693;D;D;D
50032035;C2;C2;C2
50028569;D;D;D
50028567;D;D;D
50028422;C1;B2;B1
50027956;D;C2;D
50022666;B2;B2;B2
50018241;C1;B2;C1
50002738;D;D;D
50000277;D;D;D
30034039;D;D;D
50968726;D;D;D
50936778;D;D;D
50913565;D;D;D
50888250;D;D;D
50865382;D;D;D
50855476;D;D;D
50817884;D;D;D
50815326;D;D;D
50783386;D;D;D
50756915;D;D;D
50745808;D;D;D
50718789;D;D;D
50713418;D;D;D
50621793;D;D;D
50592386;D;D;D
50579703;D;D;D
50576534;D;D;D
50545000;D;D;D
50512471;D;D;D
50493418;D;D;D
50486187;D;D;D
50468839;D;D;D
50430653;D;D;D
50418742;D;D;D
50416987;D;D;D
50406035;D;D;D
50402439;D;D;D
50381016;D;D;D
50334875;D;D;D
50291351;D;D;D
50250523;D;D;D
50236539;D;D;D
50198173;D;D;D
50190822;D;D;D
50171011;D;D;D
50167111;D;D;D
50159038;D;D;D
50115280;D;D;D
50115277;D;D;D
50115276;D;D;D
50115273;D;D;D
50115270;D;D;D
50113162;D;D;D
50113159;D;D;D
50110853;D;D;D
50110850;D;D;D
50110848;D;D;D
50110842;D;D;D
50110840;D;D;D
50110838;D;D;D
50110835;D;D;D
50110834;D;D;D
50110832;D;D;D
50107340;D;D;D
50107339;D;D;D
50107338;D;D;D
50106074;C2;C2;D
50106069;D;D;D
50105379;D;D;D
50105238;D;D;D
50105236;C2;D;C2
50105124;D;D;D
50105122;D;D;D
50105121;D;D;D
50105117;D;D;D
50105116;D;D;C2
50105115;D;C2;D
50095103;D;C2;C2
50094215;C1;B2;B2
50094213;C1;C2;C2
50091552;D;D;D
50085886;D;D;D
50078648;C2;C2;D
50077621;D;D;D
50071530;C1;C1;C1
50065476;D;D;D
50065472;D;D;D
50064753;C2;C2;C2
50064679;D;D;D
50059659;D;D;D
50056365;C1;C1;C1
50047779;C1;C1;C1
50047121;D;D;D
50046013;D;D;D
50035147;C2;B2;C2
50035123;D;D;D
50023270;C2;C2;C2
50984853;D;D;D
50982044;D;D;D
50970305;D;D;D
50970232;D;D;D
50946218;D;D;D
50905295;D;D;D
50867946;D;D;D
50639811;D;D;D
50633694;D;D;D
50617532;D;D;D
50554891;D;D;D
50534351;D;D;D
50504215;D;D;D
50348973;D;D;D
50314408;D;D;D
50190075;D;D;D
50178733;D;D;D
50113061;D;D;D
50112243;D;D;D
50112153;D;C2;D
50110701;D;D;D
50109558;D;D;D
50109164;C2;C2;D
50108639;D;D;D
50107813;D;D;D
50106138;D;D;D
50105579;D;D;D
50104185;D;C2;D
50102290;C2;C2;D
50102287;C2;C2;D
50102282;D;D;D
50102276;C2;C2;D
50102275;D;D;D
50102274;C2;C2;D
50099677;D;D;D
50095719;C2;C2;D
50094896;D;C2;D
50092895;D;C2;D
50090004;D;D;D
50090001;C2;C2;D
50084767;D;D;D
50077449;D;D;D
50063225;D;D;D
50062550;D;D;D
50034272;D;D;D
50016936;D;D;D
50014894;D;D;D
50004840;D;D;D
50977709;D;C2;D
50868195;D;D;D
50646990;D;D;D
50611801;D;D;D
50116762;D;D;D
50112157;C2;C2;D
50112156;C2;C2;C2
50109409;D;D;D
50108911;D;D;D
50107735;D;D;D
50103886;B1;B1;B1
50102402;B2;B2;C2
50102400;C1;C1;D
50099612;C2;C2;C1
50099611;C2;C2;C2
50099610;D;C2;C2
50094749;C2;C2;D
50093320;C2;C2;D
50093319;B2;B2;B2
50093318;B1;B1;B1
50093317;C2;C2;D
50093316;C1;C1;C2
50093312;D;C1;D
50093310;C1;C1;D
50093309;C2;C2;C2
50093307;C1;C2;C2
50085416;C2;C2;C2
50080026;D;D;D
50079470;B2;C1;C2
50070202;C2;C2;D
50062541;C2;C2;D
50056180;D;D;D
50053277;C1;C1;C1
50053276;D;C2;C2
50052824;C2;C2;C2
50050594;D;C1;D
50039779;D;C1;C1
50039243;D;D;D
50031448;C2;C1;C2
50027130;D;D;D
50027119;D;C1;C1
50027118;C2;C2;C2
50027116;D;D;D
50027108;D;C2;D
50020994;D;C2;D
50020861;C1;C1;C1
50013581;D;C2;D
50000420;C1;C1;C1
50994034;D;D;D
50970798;D;D;D
50964674;D;D;D
50963317;D;D;D
50938827;D;D;D
50923161;D;D;D
50919679;D;D;D
50908308;D;D;D
50893890;D;D;D
50854240;D;D;D
50835106;D;D;D
50816969;D;D;D
50776134;D;D;D
50772910;D;D;D
50771655;D;D;D
50771620;D;D;D
50760734;D;D;D
50751085;D;D;D
50750917;D;D;D
50749315;D;D;D
50747487;D;D;D
50741217;D;D;D
50736973;D;D;D
50732501;D;D;D
50729136;D;D;D
50716581;D;D;D
50704591;D;D;D
50691937;D;D;D
50690604;D;D;D
50669818;D;D;D
50641514;D;D;D
50636529;D;D;D
50626213;D;D;D
50612107;D;D;D
50611070;D;D;D
50610651;D;D;D
50610554;D;D;D
50592874;D;D;D
50590596;D;D;D
50567144;D;D;D
50565176;D;D;D
50564331;D;D;D
50514253;D;D;D
50509276;D;D;D
50497073;D;D;D
50479474;D;D;D
50464507;D;D;D
50457306;D;D;D
50435906;D;D;D
50435302;D;D;D
50434047;D;D;D
50429515;D;D;D
50412736;D;D;D
50405020;D;D;D
50385666;D;D;D
50380257;D;D;D
50338390;D;D;D
50336401;D;D;D
50307614;D;D;D
50291491;D;D;D
50279165;D;D;D
50273183;D;D;D
50254316;D;D;D
50239600;D;D;D
50235354;D;D;D
50232509;D;D;D
50226673;D;D;D
50224042;D;D;D
50198009;D;D;D
50176943;D;D;D
50171615;D;D;D
50169092;D;D;D
50158139;D;D;D
50157744;D;D;D
50149032;D;D;D
50136658;D;D;D
50134558;D;D;D
50116135;D;D;D
50115951;D;D;D
50115707;D;C2;D
50114979;D;D;D
50114752;D;D;D
50114751;D;D;D
50114750;D;D;D
50114364;D;D;D
50114363;D;D;D
50114362;D;D;D
50114270;D;D;D
50114266;D;D;D
50114265;D;D;D
50113060;D;D;D
50112566;D;D;D
50112565;D;D;D
50112563;D;D;D
50112562;D;D;D
50112561;D;D;D
50112163;D;D;D
50111228;D;D;D
50110450;D;C2;D
50110449;D;D;D
50110447;D;D;D
50110044;D;D;D
50110041;D;C2;C2
50110037;D;D;D
50110035;D;D;D
50108711;D;D;D
50108710;D;D;D
50108389;C2;C2;C2
50107980;D;D;D
50107878;D;D;D
50107730;D;D;D
50107652;D;D;D
50107042;D;D;D
50106043;D;D;D
50106033;D;D;D
50105815;C2;C2;D
50105261;D;D;D
50104995;C2;C2;D
50104993;D;D;D
50104651;D;D;D
50104238;D;D;D
50104237;D;D;D
50103371;C2;C1;C2
50102948;D;D;D
50102947;D;D;D
50102399;D;D;D
50101835;D;D;D
50101288;B2;C1;B2
50101286;B1;B2;B2
50101027;D;D;D
50101022;D;C1;D
50101021;C1;C2;D
50101019;C2;C2;D
50100883;C1;C1;D
50100772;C2;C2;D
50100762;D;D;D
50100574;B2;C1;C2
50099893;D;D;D
50099892;C2;C2;C2
50099891;D;D;D
50099071;D;D;D
50096749;B1;B2;C1
50096460;D;D;D
50096342;C1;C2;D
50096340;D;D;D
50095104;C1;C1;C2
50094457;D;D;D
50093831;B2;B2;C1
50093696;D;D;D
50093347;C1;C1;C1
50093345;D;D;D
50092682;D;D;D
50092373;D;D;D
50091611;C2;C2;D
50091134;D;C2;C2
50090705;D;C2;D
50090703;D;D;D
50090553;D;D;D
50090552;C2;C2;C2
50090356;D;D;D
50090347;C1;B2;C2
50089845;B2;B1;B2
50089343;C2;C1;D
50086580;D;C2;D
50086083;C2;D;D
50086082;D;D;D
50085801;C2;C2;D
50085798;D;C2;D
50085794;D;D;D
50084431;D;C2;D
50084430;D;D;D
50083976;B1;B2;B2
50083454;C2;C1;C2
50082178;D;C2;D
50081989;D;C2;D
50081978;D;D;C2
50081942;A;A;B1
50081431;B2;B2;C1
50079567;C2;B2;C2
50079520;D;D;D
50078887;B2;B2;B2
50078176;C2;C2;D
50075710;C1;C2;C2
50075695;B2;B2;B2
50075411;D;D;D
50075252;C2;C2;D
50075124;D;C1;D
50074754;B2;B2;C2
50074752;C2;C2;C2
50074331;D;C1;D
50074124;C2;C2;D
50074114;C2;C2;D
50074112;B1;A;B2
50074111;C1;C1;C1
50074107;D;C2;D
50074105;C1;C1;C1
50074104;B2;B2;B2
50073589;B2;B2;B2
50071244;C2;C2;C2
50071243;D;D;D
50070973;C2;C1;C2
50069711;B2;B2;B2
50069710;B2;B1;B1
50069103;A;A;A
50068591;D;D;D
50066792;C2;C2;C2
50066787;D;D;D
50066785;D;D;D
50066225;B1;A;A
50066069;B1;B1;B2
50065035;C2;C1;D
50063998;B2;B2;B2
50063996;B2;B1;B2
50063995;B2;B2;B2
50062492;C1;C1;C1
50061785;C1;C1;C1
50061753;C1;C1;C1
50056930;D;D;D
50054592;D;C2;D
50054590;B2;B2;B2
50054589;C2;C1;D
50054057;D;D;D
50053674;C2;C1;C2
50053528;D;D;D
50052459;D;D;D
50051329;C1;C1;C1
50050550;B2;B2;B2
50048188;C1;B1;C1
50047418;B2;B2;B1
50044718;B2;B1;B2
50042666;D;D;D
50041528;C1;C1;C1
50037954;B2;B2;B2
50037780;B2;B2;B2
50036961;C1;C1;C1
50034728;C2;C2;C2
50034476;B2;B2;B2
50034475;C1;C1;C1
50034473;C2;C1;C2
50034201;B2;B2;B2
50031673;C1;C1;C2
50031148;C2;C2;C2
50027949;C2;C1;D
50027852;D;C1;C1
50027190;C1;C1;C2
50025463;C1;B2;C1
50023454;C2;C2;C2
50021359;B2;B1;B2
50020986;C2;C2;C2
50020421;C1;C1;C1
50018456;B2;B2;B2
50017690;C2;C2;D
50016075;C2;C2;C2
50008870;D;D;D
50006290;D;D;D
50003577;D;D;D
50003112;C1;C1;C1
50983091;D;D;D
50951041;D;D;D
50947257;D;D;D
50935054;D;D;D
50869191;D;D;D
50810502;D;D;D
50604554;D;D;D
50600257;D;D;D
50576631;D;D;D
50576585;C2;C2;C2
50556851;D;D;D
50542524;D;D;D
50461087;D;D;D
50457217;D;D;D
50441752;D;D;D
50375024;D;D;D
50369636;D;D;D
50293915;D;D;D
50267965;D;D;D
50228552;D;D;D
50161032;D;D;D
50158155;D;D;D
50107742;D;D;D
50103560;D;D;D
50102152;D;D;D
50102140;D;D;D
50102137;D;D;D
50097106;D;D;D
50093746;C1;C1;C1
50092541;D;D;D
50090920;D;D;D
50090914;C2;C2;C2
50070963;D;D;D
50069673;D;D;D
50065980;D;D;D
50065639;D;D;D
50065448;D;D;D
50062254;D;D;D
50061805;D;D;D
50057147;D;D;D
50052924;D;D;D
50044228;D;D;D
50041964;D;D;D
50040797;D;D;D
50032286;D;D;D
50031297;D;D;D
50030630;D;D;D
50030626;C2;C2;C2
50027893;C1;C1;C1
50023611;C1;C1;C1
50019229;C2;C2;C2
50016168;C2;C2;C2
50002791;D;D;D
50902148;D;D;D
50624660;D;D;D
50515136;D;D;D
50487353;D;D;D
50432737;D;D;D
50378589;D;D;D
50164295;C2;C2;B2
50133136;D;D;D
50125451;C1;C1;B2
50112651;C1;C1;B2
50109960;C1;C1;B2
50104056;D;C2;D
50103260;C2;C1;D
50102723;D;D;D
50099616;C2;B2;C2
50099477;B2;B1;A
50099473;D;C1;D
50099180;C1;B2;B2
50099168;C1;C1;C1
50099167;D;D;D
50098631;B2;B1;B1
50097989;D;C2;C2
50096497;D;D;D
50094238;B1;B1;B1
50093741;B1;B1;A
50093680;B1;B1;B1
50091205;B2;B2;C1
50091157;C1;B1;B1
50090566;B2;B1;B2
50088389;C2;B2;C2
50087442;D;D;D
50086309;D;C2;D
50086259;C1;C1;C1
50086121;C2;C2;D
50085973;C1;B1;B1
50085590;C1;B1;C1
50084908;B2;B1;A
50084292;B1;B1;B1
50082575;B2;B2;B2
50081200;B2;B1;B2
50080361;D;D;D
50079374;C1;C1;C1
50078178;C2;B2;C2
50077001;D;D;D
50075417;C2;C1;C2
50073907;B1;B2;B2
50070774;D;C1;D
50066312;B1;B1;B1
50065835;D;D;D
50064450;C1;C1;C1
50062546;D;C1;C2
50061228;A;A;B1
50061223;D;D;D
50060682;B2;B1;B1
50060010;C2;C2;C2
50057130;C1;C1;C1
50056359;B1;A;B1
50055958;C1;B1;B1
50055635;D;C2;D
50054492;D;D;D
50053941;B2;B2;C1
50053557;D;C2;D
50053381;C1;C1;C1
50049746;C2;C2;C2
50049627;B1;A;B1
50049579;C2;C2;C1
50049575;B1;B1;B2
50049572;C1;C1;C1
50049570;B2;B1;B2
50049531;D;D;D
50049453;D;D;D
50049395;C2;C2;D
50049394;C2;C1;C2
50049262;D;D;D
50047684;C2;C1;C2
50044618;A;A;B2
50043613;C2;C2;D
50043344;D;D;D
50041626;B2;B2;B2
50041016;B2;B2;B2
50034927;C2;C2;C2
50033585;B2;B2;B2
50026911;B2;B2;B2
50025674;C2;C1;C2
50013637;B2;B2;B2
50997882;D;D;D
50991140;D;D;D
50985906;D;D;D
50985523;D;D;D
50971581;D;D;D
50970224;D;D;D
50969714;D;D;D
50952897;D;D;D
50952579;D;D;D
50951173;D;D;D
50942581;D;D;D
50939297;D;D;D
50933302;D;D;D
50932292;D;D;D
50930680;D;D;D
50922165;D;D;D
50921355;D;D;D
50920197;D;D;D
50919660;D;D;D
50913581;D;D;D
50909592;D;D;D
50906631;D;D;D
50904973;D;D;D
50904752;D;D;D
50904566;D;D;D
50903039;D;D;D
50897098;D;D;D
50886010;D;D;D
50880934;D;D;D
50878735;D;D;D
50874896;D;D;D
50874578;D;D;D
50865234;D;D;D
50859595;D;D;D
50855794;D;D;D
50853708;D;D;D
50853562;D;D;D
50833871;D;D;D
50830880;D;D;D
50790781;D;D;D
50786806;D;D;D
50786733;D;D;D
50775596;D;D;D
50755714;D;D;D
50752677;D;D;D
50749528;D;D;D
50749161;D;D;D
50747169;D;D;D
50739891;D;D;D
50720880;D;D;D
50720236;D;D;D
50720015;D;D;D
50714600;D;D;D
50712926;D;D;D
50705539;D;D;D
50703447;D;D;D
50701797;D;D;D
50695479;D;D;D
50690078;D;D;D
50689266;D;D;D
50684213;D;D;D
50683683;D;D;D
50682946;D;D;D
50681311;D;D;D
50675184;D;D;D
50670956;D;D;D
50667998;D;D;D
50664220;D;D;D
50664204;D;D;D
50663658;D;D;D
50663534;D;D;D
50662651;D;D;D
50648306;D;D;D
50641883;D;D;D
50638580;D;D;D
50637207;D;D;D
50633236;D;D;D
50619063;D;D;D
50618296;D;D;D
50593587;D;D;D
50589393;D;D;D
50587404;D;D;D
50576860;D;D;D
50568329;D;D;D
50566652;D;D;D
50561324;D;D;D
50561278;D;D;D
50561049;D;D;D
50556509;D;D;D
50548921;D;D;D
50545558;D;D;D
50544810;D;D;D
50540009;D;D;D
50523430;D;D;D
50522574;D;D;D
50520520;D;D;D
50516736;D;D;D
50507648;D;D;D
50500937;D;D;D
50497855;D;D;D
50475258;D;D;D
50474472;D;D;D
50466186;D;D;D
50456334;D;D;D
50454994;D;D;D
50446711;D;D;D
50446584;D;D;D
50440446;D;D;D
50440233;D;D;D
50438824;D;D;D
50437623;D;D;D
50436988;D;D;D
50435515;D;D;D
50433644;D;D;D
50422227;D;D;D
50415883;D;D;D
50414194;D;D;D
50407058;D;D;D
50396706;D;D;D
50381822;D;D;D
50375040;D;D;D
50366335;D;D;D
50361449;D;D;D
50357689;D;D;D
50356054;D;D;D
50348957;D;D;D
50346865;D;D;D
50345850;D;D;D
50332260;D;D;D
50329545;D;D;D
50302655;D;D;D
50297767;D;D;D
50291300;D;D;D
50268317;D;D;D
50256645;D;D;D
50256238;D;D;D
50248987;D;D;D
50236113;D;D;D
50234234;D;D;D
50215442;D;D;D
50215205;D;D;D
50210041;D;D;D
50208802;D;D;D
50204211;D;D;D
50193201;D;D;D
50180398;D;D;D
50176447;D;D;D
50173278;D;D;D
50167170;D;D;D
50165232;D;D;D
50161946;D;D;D
50161415;D;D;D
50160761;D;D;D
50158864;D;D;D
50143549;D;D;D
50134892;D;D;D
50134175;D;D;D
50126156;D;D;D
50125303;D;D;D
50124331;D;D;D
50121278;D;D;D
50121057;D;D;D
50119303;D;D;D
50116837;D;D;D
50116755;C2;D;D
50116491;D;D;D
50116490;D;D;D
50116489;D;D;D
50115825;D;D;D
50115652;D;D;D
50115651;D;D;D
50115650;D;D;D
50115649;D;D;D
50115213;D;D;D
50114976;D;D;D
50114973;D;D;D
50114139;D;D;D
50114138;D;D;D
50113953;D;D;D
50113951;D;D;D
50113949;D;D;D
50113946;D;D;D
50113945;D;D;D
50113914;D;D;D
50113874;D;D;D
50113206;D;D;D
50112864;D;D;D
50112822;D;D;D
50112697;C2;D;D
50112682;D;D;D
50112669;D;D;D
50112658;D;D;D
50112510;D;D;D
50112509;D;D;D
50112508;D;D;D
50112507;D;D;D
50112504;D;D;D
50112500;D;D;D
50110858;D;D;D
50110857;D;D;D
50110205;D;D;D
50109410;D;D;D
50109395;D;D;D
50109319;D;D;D
50109318;D;D;D
50109206;A;A;B1
50109203;D;D;D
50109174;D;D;D
50109028;D;D;D
50108336;D;D;D
50107638;D;D;D
50107633;D;D;D
50107632;D;D;D
50106813;D;D;D
50105180;D;D;D
50105179;D;D;D
50105178;D;D;D
50105176;B1;B1;B1
50104831;B1;B1;B1
50104830;D;D;D
50104827;D;D;D
50104658;D;D;D
50104633;D;D;D
50104631;D;D;D
50104630;D;D;D
50104483;D;D;D
50104482;D;D;D
50104481;D;D;D
50104480;D;D;D
50103819;D;D;D
50103622;D;D;D
50103558;D;D;D
50103393;D;D;D
50103067;C2;C2;C2
50102294;B1;A;B1
50100914;D;D;D
50100705;D;D;D
50100600;D;D;D
50100599;D;D;D
50100598;D;D;D
50100352;D;D;D
50099933;D;D;D
50099546;D;D;D
50099469;D;D;D
50099402;C1;C2;D
50099388;D;D;D
50099277;B1;B2;B2
50099231;C2;D;D
50099017;D;D;D
50098555;D;D;D
50098553;D;D;D
50097999;D;D;D
50097998;D;D;D
50097974;D;D;D
50097865;D;D;D
50097177;C2;C2;D
50097172;D;D;D
50096917;D;D;D
50096244;D;D;D
50095493;C2;D;D
50095492;D;D;D
50095491;C1;C1;C2
50095369;D;D;D
50095249;D;D;D
50095116;D;D;D
50095099;D;D;D
50095097;D;D;D
50094992;C2;C2;D
50094963;C2;C2;C2
50093929;C1;C2;D
50093777;D;D;D
50092516;C2;C2;C2
50091505;B2;C1;C1
50091066;C2;B2;C2
50091064;D;D;D
50091043;D;D;D
50091042;D;D;D
50090006;C2;C2;D
50089191;B1;B1;B1
50089117;D;D;D
50088719;D;D;D
50088235;D;C2;D
50087723;D;C1;C2
50087722;C2;C2;C2
50086595;D;D;D
50086592;D;D;D
50086332;D;D;D
50086329;B2;C1;C2
50085780;B2;B2;B2
50084667;A;A;A
50083999;D;D;D
50083998;D;D;D
50082921;D;D;D
50082611;D;D;D
50082610;A;A;B1
50082609;C1;D;D
50082279;B1;B1;B1
50081259;B2;B2;C2
50081029;A;B1;A
50080833;B2;B2;C2
50080643;B2;B2;B2
50080362;C2;C2;C2
50080155;D;D;D
50080135;C1;B2;C1
50080133;B2;B2;B2
50080047;C2;C2;C2
50079802;D;D;D
50077467;D;D;D
50076110;C1;C1;C1
50075943;A;A;A
50075109;D;D;D
50075062;D;D;D
50075061;D;D;D
50075057;D;D;D
50073929;C1;B2;B2
50073885;D;D;D
50072958;D;D;D
50072796;C1;D;D
50072532;C2;C2;C2
50072341;D;D;D
50072263;A;A;B1
50071120;B2;B2;B2
50070685;D;D;D
50070495;C1;C1;C1
50070134;C1;C1;C1
50070082;D;D;D
50069950;C2;C2;C2
50069921;B2;C1;C2
50068658;A;A;A
50068590;D;D;D
50067083;D;D;D
50066806;C1;C1;C1
50066526;D;D;D
50065725;B1;B1;B2
50063301;D;D;D
50063158;D;D;D
50062584;D;D;D
50061578;B1;B1;B2
50061387;B1;B1;B1
50060632;D;D;D
50060437;B2;B2;C1
50059508;D;C2;C2
50058438;A;A;A
50058137;A;A;A
50057976;D;D;D
50057186;C2;C2;D
50056875;A;A;A
50056504;B1;B1;B1
50056234;C2;C2;C2
50056176;C2;C2;C2
50055412;B1;A;A
50055238;B1;A;A
50054942;B2;B1;C1
50054062;D;D;D
50053699;B1;B1;B1
50053394;D;D;D
50052910;C2;B2;C2
50052597;B2;B2;B2
50052422;B1;B1;B1
50051111;D;D;D
50051016;D;D;D
50051015;D;D;D
50050631;D;D;D
50050598;C1;C1;C1
50050513;D;D;D
50049747;C1;C1;C1
50048706;B1;B2;B2
50048606;A;A;A
50048145;B2;B2;B2
50045711;D;D;D
50045292;C1;C1;C1
50045058;C2;D;C2
50044347;D;D;D
50044276;D;D;D
50043875;C1;C1;C1
50042932;B2;B2;B2
50042738;D;D;D
50042387;D;D;D
50042180;D;D;D
50041371;B2;B2;B2
50041309;D;D;D
50041292;C1;C2;D
50041231;D;D;D
50040514;C2;B2;C2
50039384;B2;B2;B2
50039274;B2;B2;B2
50039000;C2;C2;D
50037837;B1;B1;B1
50037455;C1;C1;C1
50036531;D;D;D
50034181;D;C2;D
50034122;C2;C2;D
50031408;D;D;D
50031407;D;C2;D
50031406;D;D;D
50030985;C1;C1;C2
50030297;D;D;D
50029196;D;D;D
50028524;C2;C2;C2
50028523;C2;C2;C2
50027593;D;C2;D
50027112;B2;B2;B2
50026419;D;D;D
50025597;B2;B2;B2
50025471;C1;B1;C1
50024747;B2;B2;B2
50023689;C1;C1;C1
50021044;D;D;D
50018818;D;D;D
50018376;B2;B2;B2
50017730;C1;C1;C1
50017648;C2;C2;C2
50017151;D;D;D
50017054;C2;C2;C2
50016128;D;D;D
50016123;B2;B2;B2
50014868;C2;C2;C2
50014392;D;D;D
50013447;B2;B2;B2
50012395;C1;C1;C1
50012170;B2;B2;B2
50011594;B2;B2;B2
50011490;C1;C1;C1
50011174;D;D;D
50010840;D;D;D
50010354;D;D;D
50009850;D;D;D
50008831;D;D;D
50008825;C2;C2;C2
50008824;D;D;D
50007258;B1;B1;B1
50004816;D;D;D
50004417;D;D;D
50846868;D;D;D
50637789;D;D;D
50530585;D;C2;D
50247875;C2;C2;C2
50210009;D;D;D
50113869;D;D;D
50113868;D;D;D
50113867;D;D;D
50113866;D;D;D
50113864;D;C2;D
50113863;D;D;D
50113862;D;D;D
50113861;C2;C2;C2
50112155;D;D;D
50112154;D;D;D
50109210;C2;D;D
50109209;C2;C2;C2
50109181;C2;C2;C2
50109179;C2;C2;C2
50104608;C2;C2;C2
50104607;D;D;D
50104606;C2;C2;C2
50104605;C2;C2;C2
50104604;C2;C2;D
50104395;D;D;D
50104394;D;D;D
50104197;D;C2;D
50100069;D;D;D
50065977;D;D;D
50053459;C2;C2;D
50030747;C2;C2;D
50028962;C2;C2;C2
50020740;C2;C2;D
50902091;D;D;D
50850717;D;D;D
50795961;D;D;D
50776835;D;D;D
50763539;D;D;D
50725009;D;D;D
50699679;D;D;D
50692909;D;D;D
50691945;D;D;D
50641115;D;D;D
50567683;D;D;D
50443410;D;D;D
50442627;D;D;D
50429825;D;D;D
50421379;D;D;D
50415239;D;D;D
50348884;D;D;D
50270923;D;D;D
50252143;D;D;D
50233483;D;D;D
50202154;D;D;D
50109213;D;D;C2
50098938;D;D;D
50095568;C2;C2;C2
50076918;C2;D;C2
50058480;C2;C2;C2
50056126;D;D;D
50044272;C1;C1;C1
50040259;C2;C2;C2
50028300;D;D;D
50025993;C2;C2;C2
50963392;D;D;D
50925059;D;D;D
50910612;D;D;D
50900544;D;D;D
50882813;D;D;D
50869612;D;D;D
50858246;D;D;D
50854232;D;D;D
50839632;D;D;D
50837206;D;D;D
50824570;D;D;D
50792032;D;D;D
50762427;D;D;D
50751190;D;D;D
50740687;D;D;D
50723995;D;D;D
50722484;D;D;D
50688073;D;D;D
50678264;D;D;D
50673726;D;D;D
50659464;D;D;D
50635875;D;D;D
50634364;D;D;D
50633597;D;D;D
50628089;D;D;D
50619977;D;D;D
50614711;D;D;D
50592904;D;D;D
50576887;D;D;D
50538691;D;D;D
50532766;D;D;D
50499637;D;D;D
50495798;D;D;D
50490605;D;D;D
50475282;D;D;D
50459783;D;D;D
50439774;D;D;D
50428934;D;D;D
50424831;D;D;D
50394568;D;D;D
50378686;D;D;D
50341340;D;D;D
50334239;D;D;D
50323202;D;D;D
50297899;D;D;D
50266691;D;D;D
50264966;D;D;D
50263684;D;D;D
50263501;D;D;D
50237160;D;D;D
50229818;D;D;D
50213865;D;D;D
50199781;D;D;D
50188615;D;D;D
50138081;D;D;D
50127802;D;D;D
50125338;D;D;D
50125230;D;D;D
50118609;D;D;D
50114864;D;D;D
50114863;D;D;D
50114358;D;D;D
50114077;D;D;D
50114076;D;D;D
50114068;D;D;D
50114067;D;D;D
50114064;D;D;D
50114063;D;D;D
50114062;D;D;D
50113906;D;D;D
50112880;D;D;D
50112824;D;D;D
50112576;D;D;D
50112464;D;D;D
50112453;D;D;D
50112452;D;D;D
50112449;C2;C2;D
50112446;C2;C2;D
50112444;D;D;D
50112443;D;D;D
50112442;D;D;D
50112440;D;D;D
50112439;D;D;D
50112438;D;D;D
50112436;D;D;D
50112434;D;D;D
50112433;D;D;D
50112430;D;D;D
50112429;D;D;D
50112427;D;D;D
50112422;D;D;D
50109137;D;D;D
50108963;D;D;D
50108961;D;D;D
50108851;D;D;D
50108848;D;D;D
50108377;D;D;D
50107940;D;D;D
50107938;D;D;D
50107935;D;D;D
50107934;D;D;D
50105428;C2;C1;C1
50105426;D;D;D
50104646;D;D;D
50104208;D;D;D
50104207;D;D;D
50104204;D;D;D
50104199;D;D;D
50102959;D;D;D
50102777;D;D;D
50098824;D;D;D
50098811;D;D;D
50098810;D;D;D
50098809;D;D;D
50098808;D;D;D
50098807;B2;C2;C2
50098804;D;D;D
50098799;D;D;D
50092488;D;D;D
50088823;D;D;D
50088819;D;D;D
50088424;D;D;D
50088422;D;D;D
50086038;D;D;D
50086036;D;D;D
50085580;D;D;D
50085205;D;D;D
50085203;D;D;D
50085202;D;D;D
50082108;D;C2;D
50080468;D;D;D
50079778;D;D;D
50079777;D;D;D
50079032;D;D;D
50079014;D;D;D
50079013;D;D;D
50079010;D;D;D
50079005;D;D;D
50079000;D;D;D
50078995;D;D;D
50078506;C2;C2;C2
50078505;D;D;D
50078499;D;D;D
50078474;D;D;D
50077886;D;D;D
50077883;D;D;D
50077608;D;D;D
50077605;D;D;D
50077524;D;D;D
50077523;C2;C2;C2
50077521;D;D;D
50077520;D;D;D
50077516;B1;B1;B1
50077168;D;D;D
50075944;D;D;D
50075940;D;D;D
50073466;D;D;D
50072995;D;D;D
50072991;C2;D;D
50070881;D;C2;D
50070880;C1;C1;C1
50070879;C2;C2;C2
50070877;D;D;D
50070871;C2;C2;C2
50070870;D;D;D
50070868;C1;C1;C1
50070864;D;D;D
50070859;C1;C1;C1
50070858;C2;C2;C2
50070853;D;D;D
50070852;D;D;D
50070841;D;C2;D
50070834;D;D;D
50070558;D;D;D
50067204;D;C2;D
50057626;D;D;D
50057280;D;D;D
50054565;D;D;D
50054447;D;D;D
50040937;D;D;D
50039314;D;D;D
50038840;C1;C1;C1
50034064;D;D;D
50026703;C2;C2;D
50021771;C2;C2;C2
50014752;D;D;D
50014601;D;D;D
50014428;D;C2;D
50008102;D;D;D
50991213;D;D;D
50989960;D;D;D
50971301;D;D;D
50951742;D;D;D
50937855;D;D;D
50935917;D;D;D
50935623;D;D;D
50891928;D;D;D
50890220;D;D;D
50862901;D;D;D
50860038;D;D;D
50848801;D;D;D
50838482;D;D;D
50818090;D;D;D
50812645;D;D;D
50802879;D;D;D
50792369;D;D;D
50737309;D;D;D
50732986;D;D;D
50727605;D;D;D
50725815;D;D;D
50714163;D;D;D
50696815;D;D;D
50694154;D;D;D
50660837;D;D;D
50651838;D;D;D
50633937;D;D;D
50624830;D;D;D
50622676;D;D;D
50612131;D;D;D
50595326;D;D;D
50585266;D;D;D
50577514;D;D;D
50560476;D;D;D
50547933;D;D;D
50520490;D;D;D
50518631;D;D;D
50516116;D;D;D
50492993;D;D;D
50462903;D;D;D
50458728;D;D;D
50447637;D;D;D
50441639;D;D;D
50428519;D;D;D
50423916;D;D;D
50351532;D;D;D
50347713;D;D;D
50327763;D;D;D
50317032;D;D;D
50305425;D;D;D
50299115;D;D;D
50297570;D;D;D
50293036;D;D;D
50285181;D;D;D
50259660;D;D;D
50233661;D;D;D
50227688;D;D;D
50219855;D;D;D
50200453;D;D;D
50200380;D;D;D
50163590;D;D;D
50137867;D;D;D
50127403;D;D;D
50116741;D;D;D
50116119;D;D;D
50116118;D;D;D
50115303;C2;C2;D
50115293;D;D;D
50115292;D;D;D
50115291;D;D;D
50115289;D;D;D
50115288;D;D;D
50115285;D;D;D
50115283;D;D;D
50115282;D;D;D
50114771;D;D;D
50114263;C1;C1;B2
50114262;D;D;D
50114261;D;D;D
50113907;C1;B2;B2
50113515;D;C2;D
50113137;D;D;D
50111647;D;D;D
50111646;D;D;D
50111645;D;D;D
50111067;C2;C2;C1
50110365;D;C2;D
50110361;D;D;D
50108960;B2;B2;C2
50108684;D;D;D
50105753;D;D;D
50105752;D;D;D
50105751;D;D;D
50105750;C2;C1;B2
50103572;D;D;D
50103570;D;D;D
50103165;C2;C2;C2
50101883;D;D;D
50100911;D;D;D
50097523;C2;C1;C2
50097125;C2;B2;B2
50096600;D;C2;D
50095794;D;D;D
50095787;D;C2;D
50095580;D;C2;D
50095006;C2;C2;C2
50094739;D;D;D
50091192;D;D;D
50090018;D;C2;D
50088157;D;D;D
50085058;C2;D;D
50083437;C2;C2;C2
50081430;D;D;D
50079728;D;D;D
50077393;D;D;D
50077240;D;C2;D
50074094;D;D;D
50071711;D;D;D
50071710;C1;C1;C1
50064768;D;D;D
50061849;C2;C2;C2
50057704;D;D;D
50056834;D;D;D
50056474;C2;D;D
50056426;D;C2;D
50054649;C1;C1;C2
50054429;B1;B1;B1
50053450;D;D;D
50053449;C1;D;D
50050794;D;D;D
50048458;D;D;D
50045449;D;D;D
50044075;D;D;D
50040185;C1;C1;C1
50032803;C1;C1;C1
50029732;D;D;D
50023242;D;D;D
50021128;C2;C2;C2
50019780;C1;C1;C1
50016242;C2;C2;C2
50013620;D;D;D
50007760;D;D;D
50007754;D;D;D
50007157;D;D;D
50005098;C2;C2;C2
50999877;D;D;D
50994875;D;D;D
50987720;D;D;D
50895168;D;D;D
50837222;D;D;D
50825941;D;D;D
50798731;D;D;D
50728970;D;D;D
50728822;D;D;D
50706292;D;D;D
50700022;D;D;D
50689789;D;D;D
50671960;D;D;D
50627368;D;D;D
50599909;D;D;D
50587471;D;D;D
50514156;D;D;D
50489119;D;D;D
50486527;D;D;D
50443690;D;D;D
50389920;D;D;D
50305441;D;D;D
50293893;D;D;D
50270478;D;D;D
50227610;D;D;D
50157310;D;D;D
50141503;D;D;D
50116903;D;D;D
50116902;D;D;D
50116901;D;D;D
50116898;D;D;D
50116895;D;D;D
50116890;D;D;D
50115528;D;D;D
50115527;D;D;D
50111601;D;D;D
50111600;D;D;D
50111595;D;D;D
50108530;D;D;D
50107689;D;D;D
50101052;D;D;D
50100137;D;D;D
50097014;D;D;D
50073392;D;D;D
50073369;D;D;D
50070344;C2;C2;C2
50070342;B1;B1;B1
50065432;D;D;D
50065425;D;D;D
50059676;D;D;D
50047749;D;D;D
50047604;D;D;D
50042235;D;D;D
50018156;C2;C2;C2
50987801;D;D;D
50939017;D;D;D
50901346;D;D;D
50895540;D;D;D
50886460;D;D;D
50881760;D;D;D
50695053;D;D;D
50646982;D;D;D
50593919;D;D;D
50550322;D;D;D
50490192;D;C2;D
50407104;D;D;D
50395645;D;D;D
50349279;D;D;D
50295233;D;D;D
50262866;D;D;D
50239309;D;D;D
50189557;D;D;D
50144537;D;D;D
50140396;D;D;D
50118080;D;D;D
50115037;D;D;D
50114273;D;D;D
50113615;D;D;D
50113516;D;D;D
50110696;D;D;D
50110058;D;D;D
50108871;D;D;D
50106970;D;D;C2
50096406;C2;C2;D
50093024;C2;C2;D
50088829;C2;C2;C2
50088826;C2;C2;C2
50085862;D;D;D
50072058;C2;C2;C2
50067677;C2;C2;D
50065320;D;D;D
50063795;D;D;D
50060296;B2;C2;C2
50059628;D;D;D
50053387;D;D;D
50049547;D;D;D
50039379;D;D;D
50027708;C2;C2;C2
50016237;C1;C1;C1
50006940;D;D;D
50005693;D;D;D
50002554;D;D;D
50002027;B1;B1;B1
50002025;C1;C1;C1
50002018;C1;C1;C1
50001742;B2;B2;B2
50645455;D;D;D
50112582;D;D;D
50111203;D;D;D
50109673;D;D;D
50109400;D;D;D
50109398;D;D;D
50109396;D;D;D
50102797;D;D;D
50094578;D;C2;D
50093875;D;D;D
50093874;D;D;D
50093873;D;D;D
50093871;D;D;D
50092433;C2;D;D
50090274;C2;C1;C2
50088458;D;D;D
50085773;C1;C1;C2
50084910;D;C1;D
50084679;D;D;D
50084678;C2;C1;C2
50080514;C2;C1;D
50075248;D;D;D
50073406;D;D;D
50070966;C1;C2;C2
50069440;C1;C1;C2
50069226;D;D;D
50068867;C1;C1;C2
50067438;C2;C2;C2
50067433;C1;C1;C1
50065724;C1;B2;C2
50065723;C1;C1;C1
50065721;C1;C1;C2
50062381;C1;C1;C1
50057144;C1;C1;C1
50054161;D;D;D
50054058;D;D;D
50051413;B2;B2;C1
50048361;C1;C1;C1
50046849;C2;C2;C2
50005677;D;C2;D
50002725;C1;C1;C1
50002711;C1;C1;C1
50002698;D;D;D
50832417;D;D;D
50113858;D;D;D
50102798;D;C2;D
50099614;C2;C2;C2
50095467;D;D;D
50090095;D;C2;C2
50090094;C2;C2;D
50089252;C2;C2;D
50085594;D;D;D
50085196;C2;C2;D
50085194;C1;B2;C2
50085190;D;C2;D
50080234;C2;D;C2
50074921;B2;B2;C2
50059350;C2;D;D
50044637;C2;C2;C2
50026016;D;C2;D
50017776;D;D;D
50899686;D;D;D
50888145;D;D;D
50875094;D;D;D
50856774;D;D;D
50739158;D;D;D
50700898;D;D;D
50683780;D;D;D
50677373;D;D;D
50658611;D;D;D
50610198;D;D;D
50583166;D;D;D
50554905;D;D;D
50480278;D;D;D
50461133;D;D;D
50445391;D;D;D
50337238;D;D;D
50292463;D;D;D
50280074;D;D;D
50248901;D;D;D
50235168;D;D;D
50235109;D;D;D
50175394;D;D;D
50159798;D;D;D
50112160;D;D;D
50109012;D;D;D
50109011;B1;B2;C1
50109010;B1;B2;B2
50108725;D;D;D
50108724;D;D;D
50108720;D;D;D
50108719;D;D;D
50107189;D;D;D
50107188;D;D;D
50102832;B1;B2;C1
50101931;C2;C2;D
50101912;B1;B1;C1
50100887;B1;B2;C1
50099752;C2;C2;C2
50095509;D;C2;D
50095507;D;D;D
50095483;D;D;D
50093359;C1;C2;D
50091937;C1;C1;D
50089170;C2;C1;C2
50083838;B1;B2;B2
50081527;B1;B2;B2
50077187;B2;B2;B2
50076093;B2;B2;B1
50076091;C2;C2;C2
50070557;D;D;D
50070553;A;A;A
50068307;D;D;D
50060380;B2;B2;C1
50059415;D;D;D
50059366;C1;C1;C1
50058095;C2;C2;C2
50058094;B2;B2;B2
50057037;B2;B2;B2
50055606;C1;C1;C1
50055223;A;A;A
50051489;B1;B1;B1
50050628;D;C2;D
50048571;B2;B2;B2
50046990;D;C2;D
50046716;B2;B2;B2
50041456;C2;C2;C2
50041455;C1;C1;C1
50039511;B2;B2;B2
50037573;C2;C2;C2
50036907;C1;C1;C1
50032621;D;D;D
50029666;B2;B1;B2
50029536;D;D;D
50026098;D;D;D
